year,property_category,property_type,distinct_incidents,money_seized,lbs_seized,msrp,quantity_seized
2014,AIRCRAFT,MULTI-JET,1.0,500000.0,0.0,0.0,1.0
2014,AIRCRAFT,MULTI-PROP,1.0,100000.0,0.0,0.0,1.0
2014,AIRCRAFT,OTHER AIRCRAFT,2.0,1100100.0,0.0,0.0,3.0
2014,AIRCRAFT,SINGLE PROP,6.0,517000.0,0.0,0.0,6.0
2014,AIRCRAFT,TWIN PROP,7.0,3191650.0,0.0,0.0,7.0
2014,ARMS/AMMO/EXPLOSIVES,AMMUNITION,868.0,187716.6,0.0,0.0,438239.0
2014,ARMS/AMMO/EXPLOSIVES,BOMB,4.0,1003.0,0.0,0.0,38.0
2014,ARMS/AMMO/EXPLOSIVES,CASE,40.0,1042.0,0.0,0.0,90.0
2014,ARMS/AMMO/EXPLOSIVES,GRENADE,8.0,23101.0,0.0,0.0,61.0
2014,ARMS/AMMO/EXPLOSIVES,MACHINE GUN,19.0,55299.0,0.0,0.0,31.0
2014,ARMS/AMMO/EXPLOSIVES,MAGAZINE,700.0,91857.23,0.0,0.0,4215.0
2014,ARMS/AMMO/EXPLOSIVES,MINE,1.0,1.0,0.0,0.0,1500.0
2014,ARMS/AMMO/EXPLOSIVES,PISTOL,1170.0,701312.62,0.0,0.0,2031.0
2014,ARMS/AMMO/EXPLOSIVES,RECEIVERS,21.0,18453.0,0.0,0.0,54.0
2014,ARMS/AMMO/EXPLOSIVES,REVOLVERS,195.0,60436.0,0.0,0.0,272.0
2014,ARMS/AMMO/EXPLOSIVES,RIFLE,462.0,841880.98,0.0,0.0,1061.0
2014,ARMS/AMMO/EXPLOSIVES,RIFLE-SHOTGUN COMBINATION,2.0,6.0,0.0,0.0,2.0
2014,ARMS/AMMO/EXPLOSIVES,ROCKET,2.0,27000.0,0.0,0.0,4.0
2014,ARMS/AMMO/EXPLOSIVES,SCOPE,99.0,5161162.81,0.0,0.0,8303.0
2014,ARMS/AMMO/EXPLOSIVES,SHOTGUN,215.0,92687.0,0.0,0.0,375.0
2014,ARMS/AMMO/EXPLOSIVES,SHOTGUN PISTOL,6.0,1203.0,0.0,0.0,6.0
2014,ARMS/AMMO/EXPLOSIVES,SILENCER (MUFFLER OR SOUND MODERATOR),11.0,4779.0,0.0,0.0,86.0
2014,ARMS/AMMO/EXPLOSIVES,"STUN GUN, TASER",13.0,21218.0,0.0,0.0,413.0
2014,ARMS/AMMO/EXPLOSIVES,SUBMACHINE GUN OR MACHINE PISTOL,13.0,28103.0,0.0,0.0,9196.0
2014,ARMS/AMMO/EXPLOSIVES,VEST BODY ARMOR,38.0,309744.0,0.0,0.0,678.0
2014,COMPUTERS,CHIP/MICROPROCESSOR,6.0,1045.0,0.0,0.0,440.0
2014,COMPUTERS,COMPUTER STORAGE MEDIA,1595.0,141072.3,0.0,629.92,79740.0
2014,COMPUTERS,COMPUTER/PROCESSOR,1130.0,371677.37,0.0,0.0,2557.0
2014,COMPUTERS,DOMAIN SITE NAME,184.0,1288.0,0.0,0.0,184.0
2014,COMPUTERS,LAPTOP,1591.0,503805.99,0.0,372.5,2772.0
2014,COMPUTERS,LASER PRINTER,17.0,5700.99,0.0,0.0,25.0
2014,COMPUTERS,MODEM,33.0,1745.0,0.0,0.0,56.0
2014,COMPUTERS,MOTHER BOARD,4.0,487.0,0.0,0.0,129.0
2014,COMPUTERS,OTHER CIRCUIT BOARD,2.0,16.0,0.0,0.0,91.0
2014,COMPUTERS,OTHER COMPUTER PARTS/EQUIPMENT,164.0,1145412.0,0.0,0.0,8018.0
2014,COMPUTERS,OTHER PRINTER,37.0,14184.0,0.0,0.0,77.0
2014,COMPUTERS,SIM CARD,98.0,945.0,0.0,0.0,209.0
2014,COMPUTERS,TABLET,703.0,197813.0,0.0,146534.06,1704.0
2014,COMPUTERS,VIDEO DISPLAY TERMINAL,22.0,4122.0,0.0,0.0,114.0
2014,COUNTERFEIT GOODS,CLOTHING,786.0,13272476.91,0.0,25781431.24,474705.98
2014,COUNTERFEIT GOODS,COMPUTER CHIPS,30.0,156857.41,0.0,262181.25,33706.0
2014,COUNTERFEIT GOODS,COMPUTER SOFTWARE,3.0,130770.99,0.0,260575.99,2478.0
2014,COUNTERFEIT GOODS,COMPUTER/COMPUTER PARTS,48.0,2133689.78,0.0,6771301.27,89517.0
2014,COUNTERFEIT GOODS,COUNTERFEIT MONETARY INSTRUMENTS,98.0,6190.0,0.0,423463.0,15700.5
2014,COUNTERFEIT GOODS,COUNTERFEIT PRESCRIPTION DRUGS,88.0,3080691.0,0.0,3593946.16,214452.5
2014,COUNTERFEIT GOODS,ELECTRONICS,465.0,11763143.11,0.0,27548972.77,426252.99
2014,COUNTERFEIT GOODS,FOOTWEAR,186.0,7342575.45,0.0,36715609.0,268220.5
2014,COUNTERFEIT GOODS,HOUSEHOLD APPLIANCES,1.0,1617.0,0.0,4620.0,105.0
2014,COUNTERFEIT GOODS,IDENTIFICATION DOCUMENTS,254.0,25.0,0.0,36065.0,10426.0
2014,COUNTERFEIT GOODS,JEWELRY,102.0,6970914.0,0.0,85590163.4,57149.0
2014,COUNTERFEIT GOODS,LABELS/EMBLEMS,77.0,638217.0,0.0,3302914.0,81045.0
2014,COUNTERFEIT GOODS,LUGGAGE,22.0,47524271.0,0.0,47569551.0,4427.0
2014,COUNTERFEIT GOODS,MOVIES MUSIC MEDIA,197.0,4585942.47,0.0,6232252.09,361004.0
2014,COUNTERFEIT GOODS,OFFICE EQUIPMENT,3.0,877907.0,0.0,878002.0,11073.0
2014,COUNTERFEIT GOODS,OTHER COUNTERFEIT GOODS,943.0,78057861.22,0.0,154850237.61,26187290.0
2014,COUNTERFEIT GOODS,PURSE/WALLETS,244.0,32726815.72,0.0,182256369.25,224614.0
2014,COUNTERFEIT GOODS,TOYS,25.0,252796.6,0.0,696377.0,42229.0
2014,COUNTERFEIT GOODS,WATCHES,88.0,173153662.0,0.0,176168395.0,135398.0
2014,CURRENCY/MONETARY,BANK ACCOUNT,89.0,49839986.95,0.0,0.0,0.0
2014,CURRENCY/MONETARY,CASH SUBSTITUTION,34.0,10270617.72,0.0,0.0,0.0
2014,CURRENCY/MONETARY,CHECKS,1255.0,320110546.42,0.0,0.0,0.0
2014,CURRENCY/MONETARY,FOREIGN CASH (NON U.S.),329.0,6565953.52,0.0,0.0,0.0
2014,CURRENCY/MONETARY,MONEY ORDER,52.0,454012.18,0.0,0.0,0.0
2014,CURRENCY/MONETARY,OTHER,18.0,376722.58,0.0,0.0,0.0
2014,CURRENCY/MONETARY,PRE-PAID/STORED VALUE CARD,26.0,138987.1,0.0,0.0,0.0
2014,CURRENCY/MONETARY,SAVINGS BOND,1.0,25040.0,0.0,0.0,0.0
2014,CURRENCY/MONETARY,STOCKS,1.0,500000.0,0.0,0.0,0.0
2014,CURRENCY/MONETARY,TRAVELER'S CHECKS,10.0,208250.0,0.0,0.0,0.0
2014,CURRENCY/MONETARY,U.S. CASH OR CURRENCY,3396.0,158595814.68,0.0,100.0,0.0
2014,CURRENCY/MONETARY,VIRTUAL CURRENCY,3.0,131840.69,0.0,0.0,0.0
2014,DRUGS,"COCA PRODUCTS, TEA BAGS OR LIQUOR",1.0,0.0,0.0441,0.0,0.0
2014,DRUGS,COCAINE,2182.0,0.0,142433.103,0.0,0.0
2014,DRUGS,CRYSTAL METHAMPHETAMINES,626.0,0.0,4050.4795,0.0,0.0
2014,DRUGS,DIHYDROCODEINONE (HYDROCODONE),48.0,0.0,4.4766,0.0,0.0
2014,DRUGS,ECSTASY,239.0,0.0,322.5251,0.0,0.0
2014,DRUGS,EPHEDRINE,2.0,0.0,1653.9114,0.0,0.0
2014,DRUGS,GAMMA HYDROXY BUTYRATE,10.0,0.0,11.4415,0.0,0.0
2014,DRUGS,"HASH,LIQUID (HASH OIL)",3.0,0.0,0.5313,0.0,0.0
2014,DRUGS,HASHISH,51.0,0.0,37.5833,0.0,0.0
2014,DRUGS,HEROIN,1293.0,0.0,7153.8843,0.0,0.0
2014,DRUGS,KETAMINE,28.0,0.0,79.3049,0.0,0.0
2014,DRUGS,KHAT (CATHA EDULIS),26.0,0.0,467.1702,0.0,0.0
2014,DRUGS,LSD,38.0,0.0,3.0619,0.0,0.0
2014,DRUGS,MARIJUANA,3487.0,0.0,876514.4765,0.0,0.0
2014,DRUGS,MARIJUANA PLANTS,66.0,0.0,51006.9228,0.0,0.0
2014,DRUGS,MDPV-(METHYLENEDIOXYPYROVALERONE),99.0,0.0,342.2257,0.0,0.0
2014,DRUGS,MEPHEDRONE,7.0,0.0,23.8395,0.0,0.0
2014,DRUGS,METHAMPHETAMINE,1869.0,0.0,24376.5256,0.0,0.0
2014,DRUGS,METHYLONE,180.0,0.0,539.0877,0.0,0.0
2014,DRUGS,METHYLPHENIDATE (RITALIN),11.0,0.0,2.828,0.0,0.0
2014,DRUGS,MORPHINE,18.0,0.0,23.9462,0.0,0.0
2014,DRUGS,N-BENZYLPIPERAZINE (BZP TABLETS),6.0,0.0,197.101,0.0,0.0
2014,DRUGS,NEXUS/2 CB,1.0,0.0,0.0825,0.0,0.0
2014,DRUGS,OPIUM,24.0,0.0,1813.3376,0.0,0.0
2014,DRUGS,"OTHER DRUGS, PRESCRIPTIONS, CHEMICALS",1150.0,0.0,3593.5062,0.0,0.0
2014,DRUGS,OXYCODONE (OXYCONTIN),105.0,0.0,17.3705,0.0,0.0
2014,DRUGS,PRECURSOR CHEMICALS EXCEPT EPHEDRINE,8.0,0.0,1125.169,0.0,0.0
2014,DRUGS,PSILOCYN OR PSILOCYBIN MUSHROOMS,27.0,0.0,20.7238,0.0,0.0
2014,DRUGS,ROHYPNOL,1.0,0.0,0.0268,0.0,0.0
2014,DRUGS,STEROIDS,149.0,0.0,311.3962,0.0,0.0
2014,DRUGS,SYNTHETIC CANNABINOIDS - ALL TYPES,220.0,0.0,7350.9626,0.0,0.0
2014,GENERAL MDSE / OTHER,ALCOHOLIC BEVERAGES,22.0,285402.99,0.0,0.0,54229.5
2014,GENERAL MDSE / OTHER,BORDER CROSSING CARD,7.0,4.0,0.0,0.0,7.0
2014,GENERAL MDSE / OTHER,CASH SUBSTITUTION,16.0,737708.0,0.0,0.0,21.0
2014,GENERAL MDSE / OTHER,CIGARETTES,38.0,4432733.0,0.0,0.0,3981414.0
2014,GENERAL MDSE / OTHER,CLOCKS AND WATCHES,50.0,221373.0,0.0,470.0,168.0
2014,GENERAL MDSE / OTHER,CLOTHING,306.0,1931807.0,0.0,119.94,124531.0
2014,GENERAL MDSE / OTHER,DAIRY PRODUCTS,1.0,197.0,0.0,0.0,48.0
2014,GENERAL MDSE / OTHER,ELECTRONIC EQUIPMENT,1219.0,1026990.29,0.0,4526.27,17799.0
2014,GENERAL MDSE / OTHER,EVIDENCE,4759.0,439346.0,0.0,59817.0,196107.3
2014,GENERAL MDSE / OTHER,FERTILIZERS,2.0,0.0,0.0,0.0,12.0
2014,GENERAL MDSE / OTHER,FISH OR FISH PRODUCTS,3.0,2000.0,0.0,0.0,742.0
2014,GENERAL MDSE / OTHER,FRUITS,4.0,28277.0,0.0,0.0,55288.0
2014,GENERAL MDSE / OTHER,GAME ANIMALS/BIRDS,4.0,18600.0,0.0,0.0,91.0
2014,GENERAL MDSE / OTHER,"GOLD,DUST,NUGGETS",13.0,382066.0,0.0,0.0,445.0
2014,GENERAL MDSE / OTHER,HOUSEHOLD APPLIANCE,15.0,106882.0,0.0,230.0,122.0
2014,GENERAL MDSE / OTHER,HOUSEHOLD FURNISHINGS,19.0,502833.0,0.0,0.0,5022.0
2014,GENERAL MDSE / OTHER,"HUMAN REMAINS (SKULLS, BONES, ETC)",2.0,401.0,0.0,0.0,13.0
2014,GENERAL MDSE / OTHER,INDUSTRIAL MACHINERY,19.0,3722899.0,0.0,0.0,64.0
2014,GENERAL MDSE / OTHER,JEWELRY,92.0,1924881.0,0.0,0.0,3761.08
2014,GENERAL MDSE / OTHER,LIVE ANIMALS,5.0,169088.0,0.0,0.0,213.0
2014,GENERAL MDSE / OTHER,LUGGAGE,181.0,1351.79,0.0,0.0,608.0
2014,GENERAL MDSE / OTHER,MEAT AND MEAT PRODUCTS,1.0,1200.0,0.0,0.0,600.0
2014,GENERAL MDSE / OTHER,MINERAL PRODUCTS,3.0,43.0,0.0,0.0,1415.5
2014,GENERAL MDSE / OTHER,MOBILE COMM DEVICES,5141.0,749420.48,0.0,472369.48,12834.0
2014,GENERAL MDSE / OTHER,OFFICE EQUIPMENT,44.0,1766.99,0.0,0.0,922.0
2014,GENERAL MDSE / OTHER,OTHER PROPERTY,1252.0,17326730.16,0.0,538659.48,2349408.37
2014,GENERAL MDSE / OTHER,OTHER TRAVEL DOCUMENT,48.0,33.0,0.0,0.0,88.0
2014,GENERAL MDSE / OTHER,OTHER WEAPON PARTS NOT SENT TO HARPERS FERRY,104.0,571449.84,0.0,0.0,16810.77
2014,GENERAL MDSE / OTHER,PAPER OR PAPER PRODUCTS,98.0,20870.1,0.0,0.0,10550.0
2014,GENERAL MDSE / OTHER,PASSPORTS,301.0,563.0,0.0,0.0,497.0
2014,GENERAL MDSE / OTHER,PERSONAL EFFECTS,1136.0,33605.0,0.0,0.0,4835.0
2014,GENERAL MDSE / OTHER,PESTICIDES,1.0,3023.0,0.0,0.0,25177.88
2014,GENERAL MDSE / OTHER,PLANT PRODUCTS,6.0,3521151.0,0.0,0.0,36346.1
2014,GENERAL MDSE / OTHER,PREPARED FOODSTUFFS,1.0,0.0,0.0,0.0,1.0
2014,GENERAL MDSE / OTHER,REFUGEE TRAVEL DOCUMENT,1.0,0.0,0.0,0.0,1.0
2014,GENERAL MDSE / OTHER,RESIDENT ALIEN CARD,29.0,253.0,0.0,0.0,58.0
2014,GENERAL MDSE / OTHER,"SILVER,BARS,NUGGETS",13.0,339310.0,0.0,0.0,23243.4
2014,GENERAL MDSE / OTHER,TOYS,31.0,291913.58,0.0,0.0,40327.0
2014,GENERAL MDSE / OTHER,VEGETABLES,5.0,42366.0,0.0,0.0,67764.0
2014,GENERAL MDSE / OTHER,VIRTUAL CURRENCY,2.0,3165.0,0.0,0.0,5.52
2014,GENERAL MDSE / OTHER,WORKS OF ART,27.0,15353472.0,0.0,9036560.0,1201.0
2014,PROHIBITED ITEMS,ALL OTHER EMBARGO ITEMS,5.0,0.0,0.0,0.0,30.0
2014,PROHIBITED ITEMS,CIGARETTES,24.0,0.0,0.0,0.0,13775.0
2014,PROHIBITED ITEMS,CONSUMER PRODUCT SAFETY COMMISSION,8.0,0.0,0.0,0.0,369720.0
2014,PROHIBITED ITEMS,CUBAN CIGARS,5.0,0.0,0.0,0.0,273.0
2014,PROHIBITED ITEMS,DRUG PARAPHERNALIA,204.0,0.0,0.0,0.0,139664.6
2014,PROHIBITED ITEMS,ELECTRONIC DEVICES,155.0,0.0,0.0,0.0,175371.0
2014,PROHIBITED ITEMS,FISH & WILDLIFE,39.0,0.0,0.0,0.0,363.0
2014,PROHIBITED ITEMS,FOOD AND DRUG ADMINISTRATION,34.0,0.0,0.0,0.0,27410.58
2014,PROHIBITED ITEMS,GAMBLING PARAPHERNALIA,4.0,0.0,0.0,0.0,2134.0
2014,PROHIBITED ITEMS,LIVE ANIMALS (OTHER) (AGR),2.0,0.0,0.0,0.0,110.0
2014,PROHIBITED ITEMS,LIVE BIRDS (OTHER) (AGR),1.0,0.0,0.0,0.0,13.0
2014,PROHIBITED ITEMS,LOTTERY TICKETS,9.0,0.0,0.0,0.0,230585.0
2014,PROHIBITED ITEMS,PILL PRESS,1.0,0.0,0.0,0.0,11.0
2014,PROHIBITED ITEMS,PORNOGRAPHY/BEASTIALITY,1.0,0.0,0.0,0.0,4.0
2014,PROHIBITED ITEMS,PORNOGRAPHY/CHILD,25.0,0.0,0.0,0.0,2094.0
2014,PROHIBITED ITEMS,PORNOGRAPHY/OTHER,1.0,0.0,0.0,0.0,1.0
2014,PROHIBITED ITEMS,SWITCHBLADE KNIVES,4.0,0.0,0.0,0.0,4.0
2014,REAL ESTATE,APARTMENT (EA),11.0,1072941.0,0.0,0.0,114.0
2014,REAL ESTATE,CONDOMINUM (EA),14.0,2019097.0,0.0,0.0,14.0
2014,REAL ESTATE,DEEDS OF TRUST,1.0,35000.0,0.0,0.0,1.0
2014,REAL ESTATE,HOUSE - DETACHED (EA),95.0,13739023.0,0.0,0.0,106.64
2014,REAL ESTATE,LAND (AC),5.0,808502.0,0.0,0.0,288.34
2014,REAL ESTATE,MOBILE HOME (PERMANENT INSTALLATION) (EA),1.0,36000.0,0.0,0.0,1.0
2014,REAL ESTATE,OFFICE BUILDING (EA)(AC),3.0,325000.0,0.0,0.0,3.0
2014,REAL ESTATE,OTHER COMMERCIAL PROPERTY (EA) (AC),8.0,1816349.0,0.0,0.0,7.32
2014,REAL ESTATE,OTHER PROPERTY (EA)(AC),7.0,49501.0,0.0,0.0,10.0
2014,REAL ESTATE,TOWNHOUSE  (EA),14.0,592011.0,0.0,0.0,14.0
2014,VEHICLES,BUS,14.0,1462025.0,0.0,0.0,14.0
2014,VEHICLES,COACH,2.0,27288.0,0.0,0.0,2.0
2014,VEHICLES,CONVERTIBLE,24.0,1212798.0,0.0,0.0,24.0
2014,VEHICLES,COUPE (USE IF UNKNOWN WHETHER 2 DOOR SEDAN OR 2 DOOR HARD TOP),205.0,2507766.0,0.0,0.0,221.0
2014,VEHICLES,HARD TOP (USE WHEN NUMBER OF DOORS IS UNKNOWN),12.0,1080980.0,0.0,0.0,23.0
2014,VEHICLES,HATCHBACK/FASTBACK (HAS REAR DOOR AND NUMBER OF SIDE DOORS UNKNOWN),23.0,112322.0,0.0,0.0,23.0
2014,VEHICLES,HEAVY TRUCK,14.0,348020.0,0.0,0.0,21.0
2014,VEHICLES,HUMVEE,4.0,80879.0,0.0,0.0,4.0
2014,VEHICLES,LIGHT TRUCK,44.0,529943.0,0.0,0.0,51.0
2014,VEHICLES,MEDIUM TRUCK,8.0,58636.0,0.0,0.0,8.0
2014,VEHICLES,MOTORCYCLE,58.0,433385.0,0.0,0.0,193.0
2014,VEHICLES,MOTORIZED HOME,4.0,41490.0,0.0,0.0,4.0
2014,VEHICLES,OTHER TRUCK,8.0,52851.0,0.0,0.0,8.0
2014,VEHICLES,OTHER VEHICLE,62.0,714109.0,0.0,0.0,76.0
2014,VEHICLES,PICKUP,476.0,3788012.0,0.0,0.0,500.0
2014,VEHICLES,RECREATION,6.0,166745.0,0.0,0.0,8.0
2014,VEHICLES,SEDAN (USE IF A SEDAN AND NUMBER OF DOORS UNKNOWN - SEE 2D OR 4D),1191.0,9632597.0,0.0,0.0,1265.0
2014,VEHICLES,SPORT UTILITY VEHICLE,887.0,14977567.67,0.0,0.0,996.0
2014,VEHICLES,STATION WAGON,47.0,282854.0,0.0,0.0,48.0
2014,VEHICLES,TANKER,1.0,15000.0,0.0,0.0,1.0
2014,VEHICLES,TOURING CAR,4.0,41400.0,0.0,0.0,4.0
2014,VEHICLES,TRACTOR TRAILER,54.0,801956.0,0.0,0.0,58.0
2014,VEHICLES,"TRACTOR TRUCK, DIESEL",67.0,1410797.0,0.0,0.0,68.0
2014,VEHICLES,"TRACTOR TRUCK, GASOLINE",50.0,470049.0,0.0,0.0,52.0
2014,VEHICLES,TRAILER,92.0,1537064.0,0.0,0.0,156.0
2014,VEHICLES,TRAVEL TRAILER,2.0,1100.0,0.0,0.0,2.0
2014,VEHICLES,TRUCK,264.0,2309864.0,0.0,0.0,281.0
2014,VEHICLES,VAN,249.0,928265.0,0.0,0.0,260.0
2014,VESSELS,CARGO VESSEL,1.0,300000.0,0.0,0.0,1.0
2014,VESSELS,INFLATABLE BOAT/RAFT,1.0,400.0,0.0,0.0,1.0
2014,VESSELS,LARGE FISHING (OVER 30FT),9.0,625591.0,0.0,0.0,9.0
2014,VESSELS,MOTORBOAT,14.0,460650.0,0.0,0.0,14.0
2014,VESSELS,OTHER VESSEL,17.0,350600.0,0.0,0.0,22.0
2014,VESSELS,RECREATION,13.0,485250.0,0.0,0.0,14.0
2014,VESSELS,SAILING,1.0,20000.0,0.0,0.0,1.0
2014,VESSELS,SMALL FISHING (30FT OR LESS),22.0,232465.0,0.0,0.0,22.0
2014,VESSELS,YACHT,2.0,325000.0,0.0,0.0,2.0
2015,AIRCRAFT,HELICOPTER,2.0,1050000.0,0.0,0.0,2.0
2015,AIRCRAFT,MULTI-JET,4.0,2785001.0,0.0,0.0,4.0
2015,AIRCRAFT,MULTI-PROP,1.0,119500.0,0.0,0.0,1.0
2015,AIRCRAFT,MULTI-TURBO,2.0,480000.0,0.0,0.0,2.0
2015,AIRCRAFT,OTHER AIRCRAFT,1.0,6500.0,0.0,0.0,1.0
2015,AIRCRAFT,SINGLE JET,2.0,1130000.0,0.0,0.0,2.0
2015,AIRCRAFT,SINGLE PROP,20.0,3185002.0,0.0,0.0,20.0
2015,AIRCRAFT,TWIN JET,2.0,2875000.0,0.0,0.0,2.0
2015,AIRCRAFT,TWIN PROP,2.0,368000.0,0.0,0.0,2.0
2015,ARMS/AMMO/EXPLOSIVES,AMMUNITION,1189.0,316392.11,0.0,0.0,436018.0
2015,ARMS/AMMO/EXPLOSIVES,BOMB,2.0,7.0,0.0,0.0,7.0
2015,ARMS/AMMO/EXPLOSIVES,CANNON,1.0,20.0,0.0,0.0,2.0
2015,ARMS/AMMO/EXPLOSIVES,CASE,50.0,1970.0,0.0,0.0,204.0
2015,ARMS/AMMO/EXPLOSIVES,DISGUISED WEAPON,2.0,51.0,0.0,0.0,2.0
2015,ARMS/AMMO/EXPLOSIVES,GRENADE,17.0,9378.0,0.0,0.0,87.0
2015,ARMS/AMMO/EXPLOSIVES,MACHINE GUN,14.0,2326263.0,0.0,0.0,2299.0
2015,ARMS/AMMO/EXPLOSIVES,MAGAZINE,905.0,92144.36,0.0,0.0,4733.0
2015,ARMS/AMMO/EXPLOSIVES,PISTOL,1638.0,1013294.1,0.0,0.0,3005.0
2015,ARMS/AMMO/EXPLOSIVES,RECEIVERS,40.0,63900.0,0.0,0.0,545.0
2015,ARMS/AMMO/EXPLOSIVES,REVOLVERS,300.0,96860.0,0.0,0.0,396.0
2015,ARMS/AMMO/EXPLOSIVES,RIFLE,560.0,1170235.0,0.0,0.0,1538.0
2015,ARMS/AMMO/EXPLOSIVES,RIFLE-SHOTGUN COMBINATION,3.0,302.0,0.0,0.0,13.0
2015,ARMS/AMMO/EXPLOSIVES,SCOPE,110.0,221197.66,0.0,59970.0,351.0
2015,ARMS/AMMO/EXPLOSIVES,SHOTGUN,318.0,231945.0,0.0,0.0,600.0
2015,ARMS/AMMO/EXPLOSIVES,SHOTGUN PISTOL,1.0,300.0,0.0,0.0,1.0
2015,ARMS/AMMO/EXPLOSIVES,SILENCER (MUFFLER OR SOUND MODERATOR),32.0,38024.0,0.0,0.0,118.0
2015,ARMS/AMMO/EXPLOSIVES,"STUN GUN, TASER",18.0,2526.0,0.0,0.0,97.0
2015,ARMS/AMMO/EXPLOSIVES,SUBMACHINE GUN OR MACHINE PISTOL,16.0,16966.0,0.0,0.0,29.0
2015,ARMS/AMMO/EXPLOSIVES,VEST BODY ARMOR,49.0,15769.0,0.0,0.0,198.0
2015,COMPUTERS,CHIP/MICROPROCESSOR,10.0,610607.0,0.0,1.0,1329.0
2015,COMPUTERS,COMPUTER STORAGE MEDIA,2104.0,2467832.15,0.0,339.83,93585.0
2015,COMPUTERS,COMPUTER/PROCESSOR,1330.0,482969.77,0.0,1000.0,3067.0
2015,COMPUTERS,DOMAIN SITE NAME,21.0,141.0,0.0,0.0,24.0
2015,COMPUTERS,LAPTOP,2052.0,663084.1,0.0,1803.0,3767.0
2015,COMPUTERS,LASER PRINTER,16.0,12656.0,0.0,0.0,42.0
2015,COMPUTERS,MODEM,54.0,1864.0,0.0,0.0,74.0
2015,COMPUTERS,MOTHER BOARD,24.0,45532.0,0.0,0.0,1218.0
2015,COMPUTERS,OTHER CIRCUIT BOARD,8.0,9137.0,0.0,1000.0,149.0
2015,COMPUTERS,OTHER COMPUTER PARTS/EQUIPMENT,189.0,773854.0,0.0,139223.05,66372.0
2015,COMPUTERS,OTHER PRINTER,50.0,24602.91,0.0,299.98,83.0
2015,COMPUTERS,SIM CARD,171.0,5384.0,0.0,0.0,685.0
2015,COMPUTERS,TABLET,1023.0,179832.78,0.0,199.99,1576.0
2015,COMPUTERS,VIDEO DISPLAY TERMINAL,25.0,219414.0,0.0,0.0,4564.0
2015,COUNTERFEIT GOODS,CLOTHING,1431.0,8873960.65,0.0,73320716.48,520708.0
2015,COUNTERFEIT GOODS,COMPUTER CHIPS,78.0,408929.61,0.0,1522601.16,219863.0
2015,COUNTERFEIT GOODS,COMPUTER SOFTWARE,16.0,4779984.0,0.0,11572879.0,36538.0
2015,COUNTERFEIT GOODS,COMPUTER/COMPUTER PARTS,47.0,1197117.38,0.0,5777422.95,19882.0
2015,COUNTERFEIT GOODS,COUNTERFEIT MONETARY INSTRUMENTS,126.0,110.0,0.0,8352461.0,1773713.0
2015,COUNTERFEIT GOODS,COUNTERFEIT PRESCRIPTION DRUGS,78.0,5213363.99,0.0,6586911.0,207880.5
2015,COUNTERFEIT GOODS,ELECTRONICS,635.0,12730893.43,0.0,29865067.14,415088.99
2015,COUNTERFEIT GOODS,FOOTWEAR,254.0,9202052.0,0.0,27297245.0,208710.0
2015,COUNTERFEIT GOODS,HOUSEHOLD APPLIANCES,1.0,1080.0,0.0,2700.0,27.0
2015,COUNTERFEIT GOODS,IDENTIFICATION DOCUMENTS,306.0,206.0,0.0,45322.0,2939.0
2015,COUNTERFEIT GOODS,JEWELRY,188.0,5693041.99,0.0,134193887.99,121713.0
2015,COUNTERFEIT GOODS,LABELS/EMBLEMS,126.0,1705530.03,0.0,3273398.81,511169.0
2015,COUNTERFEIT GOODS,LUGGAGE,27.0,30722.0,0.0,365822.0,565.0
2015,COUNTERFEIT GOODS,MOVIES MUSIC MEDIA,316.0,4556413.95,0.0,5664768.98,406903.99
2015,COUNTERFEIT GOODS,OFFICE EQUIPMENT,1.0,6.0,0.0,16.0,2.0
2015,COUNTERFEIT GOODS,OTHER COUNTERFEIT GOODS,1306.0,58173148.39,0.0,120663443.97,6866376.66
2015,COUNTERFEIT GOODS,PURSE/WALLETS,431.0,6330394.34,0.0,104356726.0,176559.0
2015,COUNTERFEIT GOODS,TOYS,19.0,87968.0,0.0,358405.0,36775.0
2015,COUNTERFEIT GOODS,WATCHES,184.0,7654646.77,0.0,117007888.0,188876.0
2015,CURRENCY/MONETARY,BANK ACCOUNT,249.0,58382199.76,0.0,0.0,0.0
2015,CURRENCY/MONETARY,CASH SUBSTITUTION,62.0,6847889.93,0.0,0.0,0.0
2015,CURRENCY/MONETARY,CHECKS,1871.0,130839596.46,0.0,0.0,0.0
2015,CURRENCY/MONETARY,FOREIGN CASH (NON U.S.),172.0,8100082.7,0.0,0.0,0.0
2015,CURRENCY/MONETARY,MONEY ORDER,63.0,278953.54,0.0,0.0,0.0
2015,CURRENCY/MONETARY,OTHER,25.0,5008267.96,0.0,0.0,0.0
2015,CURRENCY/MONETARY,PRE-PAID/STORED VALUE CARD,28.0,521843.68,0.0,0.0,0.0
2015,CURRENCY/MONETARY,STOCKS,1.0,200000.0,0.0,0.0,0.0
2015,CURRENCY/MONETARY,TRAVELER'S CHECKS,3.0,23001.0,0.0,0.0,0.0
2015,CURRENCY/MONETARY,U.S. CASH OR CURRENCY,3892.0,236350888.42,0.0,0.0,0.0
2015,CURRENCY/MONETARY,VIRTUAL CURRENCY,100.0,1050408.11,0.0,0.0,0.0
2015,DRUGS,"COCA PRODUCTS, TEA BAGS OR LIQUOR",2.0,0.0,0.087,0.0,0.0
2015,DRUGS,COCAINE,3462.0,0.0,277800.451099998,0.0,0.0
2015,DRUGS,CRYSTAL METHAMPHETAMINES,781.0,0.0,5573.9519,0.0,0.0
2015,DRUGS,DIHYDROCODEINONE (HYDROCODONE),47.0,0.0,8.254,0.0,0.0
2015,DRUGS,ECSTASY,298.0,0.0,700.0523,0.0,0.0
2015,DRUGS,EPHEDRINE,4.0,0.0,76.4937,0.0,0.0
2015,DRUGS,FENTANYL,8.0,0.0,68.5293,0.0,0.0
2015,DRUGS,GAMMA HYDROXY BUTYRATE,21.0,0.0,72.262,0.0,0.0
2015,DRUGS,"HASH,LIQUID (HASH OIL)",17.0,0.0,13.8702,0.0,0.0
2015,DRUGS,HASHISH,70.0,0.0,141.3238,0.0,0.0
2015,DRUGS,HEROIN,1887.0,0.0,7614.15079999999,0.0,0.0
2015,DRUGS,KETAMINE,63.0,0.0,355.6447,0.0,0.0
2015,DRUGS,KHAT (CATHA EDULIS),43.0,0.0,10567.8335,0.0,0.0
2015,DRUGS,LSD,60.0,0.0,2.0388,0.0,0.0
2015,DRUGS,MARIJUANA,4811.0,0.0,880076.704000003,0.0,0.0
2015,DRUGS,MARIJUANA PLANTS,87.0,0.0,73317.2994,0.0,0.0
2015,DRUGS,MDPV-(METHYLENEDIOXYPYROVALERONE),126.0,0.0,287.8729,0.0,0.0
2015,DRUGS,MEPHEDRONE,27.0,0.0,74.657,0.0,0.0
2015,DRUGS,METHAMPHETAMINE,2552.0,0.0,31998.8747,0.0,0.0
2015,DRUGS,METHYLONE,204.0,0.0,536.7104,0.0,0.0
2015,DRUGS,METHYLPHENIDATE (RITALIN),19.0,0.0,4.0615,0.0,0.0
2015,DRUGS,MORPHINE,14.0,0.0,31.2352,0.0,0.0
2015,DRUGS,N-BENZYLPIPERAZINE (BZP TABLETS),2.0,0.0,2.923,0.0,0.0
2015,DRUGS,NEXUS/2 CB,3.0,0.0,0.1892,0.0,0.0
2015,DRUGS,OPIUM,33.0,0.0,660.3113,0.0,0.0
2015,DRUGS,"OTHER DRUGS, PRESCRIPTIONS, CHEMICALS",1009.0,0.0,4601.15999999999,0.0,0.0
2015,DRUGS,OXYCODONE (OXYCONTIN),131.0,0.0,18.4554,0.0,0.0
2015,DRUGS,PRECURSOR CHEMICALS EXCEPT EPHEDRINE,19.0,0.0,699.726,0.0,0.0
2015,DRUGS,PSILOCYN OR PSILOCYBIN MUSHROOMS,49.0,0.0,88.5888,0.0,0.0
2015,DRUGS,ROHYPNOL,1.0,0.0,0.3343,0.0,0.0
2015,DRUGS,STEROIDS,212.0,0.0,1105.33,0.0,0.0
2015,DRUGS,SYNTHETIC CANNABINOIDS - ALL TYPES,280.0,0.0,9105.99380000002,0.0,0.0
2015,GENERAL MDSE / OTHER,ALCOHOLIC BEVERAGES,12.0,82409.0,0.0,0.0,23721.0
2015,GENERAL MDSE / OTHER,BORDER CROSSING CARD,10.0,504.0,0.0,0.0,11.0
2015,GENERAL MDSE / OTHER,CASH SUBSTITUTION,6.0,65000.0,0.0,0.0,3401.0
2015,GENERAL MDSE / OTHER,CIGARETTES,99.0,14554376.8,0.0,0.0,103666013.5
2015,GENERAL MDSE / OTHER,CLOCKS AND WATCHES,83.0,1716234.0,0.0,0.0,312.0
2015,GENERAL MDSE / OTHER,CLOTHING,256.0,2333645.49,0.0,92.79,482336.0
2015,GENERAL MDSE / OTHER,DAIRY PRODUCTS,4.0,9506.0,0.0,0.0,585.66
2015,GENERAL MDSE / OTHER,ELECTRONIC EQUIPMENT,1643.0,1618088.9,0.0,276005.85,130285.0
2015,GENERAL MDSE / OTHER,EVIDENCE,6063.0,894247.81,0.0,35829.0,1243097.37
2015,GENERAL MDSE / OTHER,FERTILIZERS,1.0,1.0,0.0,0.0,1.26
2015,GENERAL MDSE / OTHER,FISH OR FISH PRODUCTS,3.0,4651.0,0.0,0.0,936.0
2015,GENERAL MDSE / OTHER,FRUITS,9.0,96613.0,0.0,0.0,56871.0
2015,GENERAL MDSE / OTHER,GAME ANIMALS/BIRDS,4.0,913.0,0.0,0.0,44.0
2015,GENERAL MDSE / OTHER,"GOLD,DUST,NUGGETS",24.0,9911424.7,0.0,0.0,6873.16
2015,GENERAL MDSE / OTHER,HOUSEHOLD APPLIANCE,25.0,15496.0,0.0,157.81,1014.0
2015,GENERAL MDSE / OTHER,HOUSEHOLD FURNISHINGS,26.0,723670.0,0.0,28.95,1240.0
2015,GENERAL MDSE / OTHER,"HUMAN REMAINS (SKULLS, BONES, ETC)",1.0,10000.0,0.0,0.0,1.0
2015,GENERAL MDSE / OTHER,INDUSTRIAL MACHINERY,31.0,1911139.0,0.0,2500.0,653.0
2015,GENERAL MDSE / OTHER,JEWELRY,116.0,1926890.99,0.0,275.0,18481.0
2015,GENERAL MDSE / OTHER,LIVE ANIMALS,4.0,3201.0,0.0,0.0,117.0
2015,GENERAL MDSE / OTHER,LIVE BIRDS,4.0,144001.0,0.0,0.0,301.0
2015,GENERAL MDSE / OTHER,LUGGAGE,249.0,29790.49,0.0,0.0,1869.0
2015,GENERAL MDSE / OTHER,MINERAL PRODUCTS,1.0,650.0,0.0,0.0,84.0
2015,GENERAL MDSE / OTHER,MOBILE COMM DEVICES,6826.0,1272338.73,0.0,1899.99,17747.0
2015,GENERAL MDSE / OTHER,OFFICE EQUIPMENT,30.0,3656.0,0.0,0.0,86.0
2015,GENERAL MDSE / OTHER,OTHER PROPERTY,1326.0,51946572.56,0.0,1759737.25,2344958.2
2015,GENERAL MDSE / OTHER,OTHER TRAVEL DOCUMENT,68.0,31.0,0.0,7.0,832.0
2015,GENERAL MDSE / OTHER,OTHER WEAPON PARTS NOT SENT TO HARPERS FERRY,151.0,181765.95,0.0,0.0,2303.0
2015,GENERAL MDSE / OTHER,PAPER OR PAPER PRODUCTS,74.0,3021.0,0.0,28.55,1088.8
2015,GENERAL MDSE / OTHER,PASSPORTS,424.0,12361.0,0.0,0.0,703.0
2015,GENERAL MDSE / OTHER,PERSONAL EFFECTS,1505.0,2712776.43,0.0,157.59,11681.58
2015,GENERAL MDSE / OTHER,PESTICIDES,1.0,1.0,0.0,0.0,40.0
2015,GENERAL MDSE / OTHER,PLANT PRODUCTS,6.0,4.0,0.0,0.0,991.9
2015,GENERAL MDSE / OTHER,PREPARED FOODSTUFFS,14.0,1714917.0,0.0,0.0,3569.4
2015,GENERAL MDSE / OTHER,RESIDENT ALIEN CARD,45.0,7.0,0.0,0.0,57.0
2015,GENERAL MDSE / OTHER,"SILVER,BARS,NUGGETS",16.0,122250.0,0.0,0.0,6482.0
2015,GENERAL MDSE / OTHER,TOYS,25.0,58730.0,0.0,12.97,7092.0
2015,GENERAL MDSE / OTHER,VEGETABLES,13.0,137734.0,0.0,0.0,145884.5
2015,GENERAL MDSE / OTHER,VIRTUAL CURRENCY,3.0,142976.0,0.0,0.0,186.81
2015,GENERAL MDSE / OTHER,WORKS OF ART,28.0,2999001.0,0.0,273660.0,289.0
2015,PROHIBITED ITEMS,ALL OTHER EMBARGO ITEMS,11.0,0.0,0.0,0.0,642087.0
2015,PROHIBITED ITEMS,CIGARETTES,13.0,0.0,0.0,0.0,1684078.0
2015,PROHIBITED ITEMS,CONSUMER PRODUCT SAFETY COMMISSION,12.0,0.0,0.0,0.0,3462.0
2015,PROHIBITED ITEMS,CUBAN CIGARS,4.0,0.0,0.0,0.0,105.0
2015,PROHIBITED ITEMS,DRUG PARAPHERNALIA,358.0,0.0,0.0,850.0,276253.21
2015,PROHIBITED ITEMS,ELECTRONIC DEVICES,60.0,0.0,0.0,0.0,50576.0
2015,PROHIBITED ITEMS,ENVIRONMENTAL PROTECTION AGENCY,1.0,0.0,0.0,0.0,1.0
2015,PROHIBITED ITEMS,FIREWORKS,2.0,0.0,0.0,0.0,12.0
2015,PROHIBITED ITEMS,FISH & WILDLIFE,61.0,0.0,0.0,0.0,16561.15
2015,PROHIBITED ITEMS,FOOD AND DRUG ADMINISTRATION,97.0,0.0,0.0,87.5,315317.35
2015,PROHIBITED ITEMS,GAMBLING PARAPHERNALIA,20.0,0.0,0.0,0.0,2444.0
2015,PROHIBITED ITEMS,LIVE BIRDS (OTHER) (AGR),1.0,0.0,0.0,0.0,28.0
2015,PROHIBITED ITEMS,LOTTERY TICKETS,35.0,0.0,0.0,0.0,436427.0
2015,PROHIBITED ITEMS,OTHER AGRICULTURAL ARTICLES (NOT OTHERWISE SPECIFIED) (AGR),1.0,0.0,0.0,0.0,1.0
2015,PROHIBITED ITEMS,"PLANT PRODUCTS (LEAVES,STRAW,GREENERY,COTTON,ETC) (AGR)",1.0,0.0,0.0,0.0,44.0
2015,PROHIBITED ITEMS,PORNOGRAPHY/BEASTIALITY,1.0,1.0,0.0,0.0,1.0
2015,PROHIBITED ITEMS,PORNOGRAPHY/CHILD,58.0,103.0,0.0,0.0,689.0
2015,PROHIBITED ITEMS,PORNOGRAPHY/OTHER,2.0,0.0,0.0,0.0,17.0
2015,PROHIBITED ITEMS,SEEDS (FOR PROPAGATION) (AGR),2.0,0.0,0.0,0.0,21.0
2015,PROHIBITED ITEMS,SWITCHBLADE KNIVES,7.0,0.0,0.0,0.0,25.0
2015,REAL ESTATE,APARTMENT (EA),2.0,2645000.0,0.0,0.0,3.0
2015,REAL ESTATE,CONDOMINUM (EA),11.0,2233490.0,0.0,0.0,11.01
2015,REAL ESTATE,HOUSE - DETACHED (EA),60.0,17155185.0,0.0,0.0,59.1
2015,REAL ESTATE,LAND (AC),4.0,8238926.0,0.0,0.0,3124.74
2015,REAL ESTATE,MOBILE HOME (PERMANENT INSTALLATION) (EA),1.0,1.0,0.0,0.0,1.0
2015,REAL ESTATE,OFFICE BUILDING (EA)(AC),3.0,813450.0,0.0,0.0,3.0
2015,REAL ESTATE,OTHER COMMERCIAL PROPERTY (EA) (AC),8.0,2242160.0,0.0,0.0,7.08
2015,REAL ESTATE,OTHER PROPERTY (EA)(AC),12.0,3106600.0,0.0,0.0,12.0
2015,REAL ESTATE,TOWNHOUSE  (EA),3.0,1103602.0,0.0,0.0,3.0
2015,VEHICLES,AMBULANCE,2.0,17500.0,0.0,0.0,2.0
2015,VEHICLES,BUS,16.0,1009000.0,0.0,0.0,16.0
2015,VEHICLES,COACH,1.0,170000.0,0.0,0.0,1.0
2015,VEHICLES,CONVERTIBLE,38.0,811377.0,0.0,0.0,39.0
2015,VEHICLES,COUPE (USE IF UNKNOWN WHETHER 2 DOOR SEDAN OR 2 DOOR HARD TOP),304.0,5066935.0,0.0,0.0,331.0
2015,VEHICLES,HARD TOP (USE WHEN NUMBER OF DOORS IS UNKNOWN),6.0,64600.0,0.0,0.0,6.0
2015,VEHICLES,HATCHBACK/FASTBACK (HAS REAR DOOR AND NUMBER OF SIDE DOORS UNKNOWN),51.0,346843.0,0.0,0.0,53.0
2015,VEHICLES,HEAVY TRUCK,4.0,32225.0,0.0,0.0,4.0
2015,VEHICLES,HUMVEE,5.0,92500.0,0.0,0.0,5.0
2015,VEHICLES,LIGHT TRUCK,57.0,543954.0,0.0,0.0,62.0
2015,VEHICLES,MEDIUM TRUCK,10.0,154418.0,0.0,0.0,10.0
2015,VEHICLES,MOBILE HOME (NOT SET UP),1.0,5745.0,0.0,0.0,1.0
2015,VEHICLES,MOTORCYCLE,55.0,688154.0,0.0,0.0,89.0
2015,VEHICLES,MOTORIZED HOME,6.0,280350.0,0.0,0.0,6.0
2015,VEHICLES,OTHER TRUCK,15.0,4472642.0,0.0,0.0,29.0
2015,VEHICLES,OTHER VEHICLE,65.0,791568.0,0.0,0.0,85.0
2015,VEHICLES,PICKUP,665.0,4420158.0,0.0,0.0,677.0
2015,VEHICLES,RECREATION,7.0,71005.0,0.0,0.0,8.0
2015,VEHICLES,RETRACTABLE HARDTOP,1.0,107625.0,0.0,0.0,1.0
2015,VEHICLES,ROADSTER,1.0,2000.0,0.0,0.0,2.0
2015,VEHICLES,SEDAN (USE IF A SEDAN AND NUMBER OF DOORS UNKNOWN - SEE 2D OR 4D),1746.0,13382697.33,0.0,0.0,1846.0
2015,VEHICLES,SPORT UTILITY VEHICLE,1082.0,14354207.0,0.0,0.0,1181.0
2015,VEHICLES,STATION WAGON,60.0,275289.0,0.0,0.0,60.0
2015,VEHICLES,TANKER,2.0,50000.0,0.0,0.0,2.0
2015,VEHICLES,TRACTOR TRAILER,84.0,867882.0,0.0,0.0,87.0
2015,VEHICLES,"TRACTOR TRUCK, DIESEL",122.0,2494071.0,0.0,0.0,128.0
2015,VEHICLES,"TRACTOR TRUCK, GASOLINE",80.0,833332.0,0.0,0.0,81.0
2015,VEHICLES,TRAILER,141.0,994432.0,0.0,0.0,148.0
2015,VEHICLES,TRAVEL TRAILER,1.0,50.0,0.0,0.0,1.0
2015,VEHICLES,TRUCK,300.0,2354962.0,0.0,0.0,304.0
2015,VEHICLES,VAN,286.0,927224.0,0.0,0.0,289.0
2015,VESSELS,CARGO VESSEL,5.0,602000.0,0.0,0.0,5.0
2015,VESSELS,INFLATABLE BOAT/RAFT,1.0,1000.0,0.0,0.0,1.0
2015,VESSELS,LARGE FISHING (OVER 30FT),5.0,265900.0,0.0,0.0,8.0
2015,VESSELS,MOTORBOAT,15.0,679670.0,0.0,0.0,15.0
2015,VESSELS,OTHER VESSEL,11.0,123890.0,0.0,0.0,12.0
2015,VESSELS,RECREATION,24.0,662400.0,0.0,0.0,29.0
2015,VESSELS,SAILING,5.0,216010.0,0.0,0.0,5.0
2015,VESSELS,SMALL FISHING (30FT OR LESS),25.0,391936.0,0.0,0.0,28.0
2015,VESSELS,YACHT,3.0,810000.0,0.0,0.0,3.0
2016,AIRCRAFT,HELICOPTER,1.0,5800000.0,0.0,0.0,1.0
2016,AIRCRAFT,MULTI-JET,1.0,250000.0,0.0,0.0,1.0
2016,AIRCRAFT,MULTI-PROP,3.0,513000.0,0.0,0.0,3.0
2016,AIRCRAFT,OTHER AIRCRAFT,1.0,900.0,0.0,0.0,1.0
2016,AIRCRAFT,SINGLE JET,1.0,2500000.0,0.0,0.0,1.0
2016,AIRCRAFT,SINGLE PROP,10.0,1603000.0,0.0,0.0,10.0
2016,AIRCRAFT,TWIN JET,1.0,284924.0,0.0,0.0,1.0
2016,AIRCRAFT,TWIN PROP,2.0,350000.0,0.0,0.0,2.0
2016,ARMS/AMMO/EXPLOSIVES,AMMUNITION,1111.0,191559.53,0.0,0.0,534233.0
2016,ARMS/AMMO/EXPLOSIVES,BOMB,6.0,25304.0,0.0,0.0,563.0
2016,ARMS/AMMO/EXPLOSIVES,CANNON,1.0,25.0,0.0,0.0,1.0
2016,ARMS/AMMO/EXPLOSIVES,CASE,40.0,1388.99,0.0,0.0,99.0
2016,ARMS/AMMO/EXPLOSIVES,DISGUISED WEAPON,4.0,3460.0,0.0,0.0,9.0
2016,ARMS/AMMO/EXPLOSIVES,GRENADE,12.0,2189.0,0.0,0.0,25.0
2016,ARMS/AMMO/EXPLOSIVES,MACHINE GUN,17.0,49367.0,0.0,0.0,40.0
2016,ARMS/AMMO/EXPLOSIVES,MAGAZINE,878.0,89849.38,0.0,0.0,4907.0
2016,ARMS/AMMO/EXPLOSIVES,MORTAR,1.0,100.0,0.0,0.0,2.0
2016,ARMS/AMMO/EXPLOSIVES,PISTOL,1569.0,897036.0,0.0,0.0,2722.0
2016,ARMS/AMMO/EXPLOSIVES,RECEIVERS,43.0,47375.0,0.0,0.0,272.0
2016,ARMS/AMMO/EXPLOSIVES,REVOLVERS,298.0,96780.0,0.0,0.0,613.0
2016,ARMS/AMMO/EXPLOSIVES,RIFLE,518.0,558333.0,0.0,0.0,1229.0
2016,ARMS/AMMO/EXPLOSIVES,RIFLE-SHOTGUN COMBINATION,3.0,2400.0,0.0,0.0,5.0
2016,ARMS/AMMO/EXPLOSIVES,SCOPE,188.0,378093.0,0.0,0.0,639.0
2016,ARMS/AMMO/EXPLOSIVES,SHOTGUN,256.0,219628.0,0.0,0.0,445.0
2016,ARMS/AMMO/EXPLOSIVES,SHOTGUN PISTOL,4.0,107.0,0.0,0.0,4.0
2016,ARMS/AMMO/EXPLOSIVES,SILENCER (MUFFLER OR SOUND MODERATOR),20.0,40176.0,0.0,0.0,74.0
2016,ARMS/AMMO/EXPLOSIVES,"STUN GUN, TASER",23.0,2397.0,0.0,0.0,55.0
2016,ARMS/AMMO/EXPLOSIVES,SUBMACHINE GUN OR MACHINE PISTOL,23.0,26154.0,0.0,0.0,27.0
2016,ARMS/AMMO/EXPLOSIVES,VEST BODY ARMOR,41.0,15056.0,0.0,0.0,336.0
2016,COMPUTERS,CHIP/MICROPROCESSOR,5.0,1136.0,0.0,4356.0,245.0
2016,COMPUTERS,COMPUTER STORAGE MEDIA,1753.0,1046109.35,0.0,3184.09,52397.0
2016,COMPUTERS,COMPUTER/PROCESSOR,1127.0,612521.68,0.0,39631.99,2371.0
2016,COMPUTERS,DOMAIN SITE NAME,209.0,1495.0,0.0,0.0,217.0
2016,COMPUTERS,LAPTOP,1757.0,457788.43,0.0,4214.0,3164.0
2016,COMPUTERS,LASER PRINTER,8.0,1933.0,0.0,0.0,8.0
2016,COMPUTERS,MODEM,26.0,1217.0,0.0,0.0,36.0
2016,COMPUTERS,MOTHER BOARD,18.0,297527.0,0.0,0.0,2173.0
2016,COMPUTERS,OTHER CIRCUIT BOARD,2.0,2551.0,0.0,0.0,5.0
2016,COMPUTERS,OTHER COMPUTER PARTS/EQUIPMENT,131.0,82912.0,0.0,0.0,1687.0
2016,COMPUTERS,OTHER PRINTER,32.0,4830.0,0.0,0.0,44.0
2016,COMPUTERS,SIM CARD,139.0,4615.0,0.0,0.0,721.0
2016,COMPUTERS,TABLET,977.0,621579.74,0.0,350.0,8114.0
2016,COMPUTERS,VIDEO DISPLAY TERMINAL,27.0,31419.0,0.0,0.0,220.0
2016,COUNTERFEIT GOODS,CLOTHING,1508.0,26960371.86,0.0,54110219.59,1072729.0
2016,COUNTERFEIT GOODS,COMPUTER CHIPS,34.0,91305.31,0.0,234813.8,150809.0
2016,COUNTERFEIT GOODS,COMPUTER SOFTWARE,4.0,11974.0,0.0,1409647.0,5776.0
2016,COUNTERFEIT GOODS,COMPUTER/COMPUTER PARTS,27.0,699091.25,0.0,3553679.36,82158.0
2016,COUNTERFEIT GOODS,COUNTERFEIT MONETARY INSTRUMENTS,142.0,1383832.0,0.0,3734013.89,2561816.0
2016,COUNTERFEIT GOODS,COUNTERFEIT PRESCRIPTION DRUGS,157.0,771018.87,0.0,6023807.05,199577.49
2016,COUNTERFEIT GOODS,ELECTRONICS,489.0,9166223.07,0.0,21399173.69,487397.0
2016,COUNTERFEIT GOODS,FOOTWEAR,323.0,13772424.14,0.0,31180128.96,241038.0
2016,COUNTERFEIT GOODS,GOLF CLUBS AND CLUB PARTS,3.0,425.0,0.0,2850.0,21.0
2016,COUNTERFEIT GOODS,HOUSEHOLD APPLIANCES,1.0,660.0,0.0,1430.0,11.0
2016,COUNTERFEIT GOODS,IDENTIFICATION DOCUMENTS,234.0,80.0,0.0,20580.0,6357.0
2016,COUNTERFEIT GOODS,JEWELRY,121.0,3594884.97,0.0,70844678.22,58510.0
2016,COUNTERFEIT GOODS,LABELS/EMBLEMS,102.0,3721604.81,0.0,6464926.79,116922.0
2016,COUNTERFEIT GOODS,LUGGAGE,29.0,169081.02,0.0,226300.0,1051.0
2016,COUNTERFEIT GOODS,MOVIES MUSIC MEDIA,189.0,1314252.27,0.0,2125564.5,134215.99
2016,COUNTERFEIT GOODS,OTHER COUNTERFEIT GOODS,1178.0,24384094.98,0.0,85322722.47,5766889.99
2016,COUNTERFEIT GOODS,PURSE/WALLETS,418.0,15689733.22,0.0,111022547.89,242810.0
2016,COUNTERFEIT GOODS,TOYS,37.0,2375501.0,0.0,5081072.5,110492.0
2016,COUNTERFEIT GOODS,WATCHES,164.0,37422190.01,0.0,105629978.04,412487.0
2016,CURRENCY/MONETARY,BANK ACCOUNT,204.0,22866941.3,0.0,0.0,0.0
2016,CURRENCY/MONETARY,CASH SUBSTITUTION,59.0,18101060.57,0.0,1.0,0.0
2016,CURRENCY/MONETARY,CHECKS,1299.0,159213156.74,0.0,0.0,0.0
2016,CURRENCY/MONETARY,FOREIGN CASH (NON U.S.),167.0,22011948.93,0.0,0.0,0.0
2016,CURRENCY/MONETARY,MONEY ORDER,52.0,666240.09,0.0,0.0,0.0
2016,CURRENCY/MONETARY,OTHER,52.0,61420735.58,0.0,0.0,0.0
2016,CURRENCY/MONETARY,PRE-PAID/STORED VALUE CARD,31.0,157674.8,0.0,0.0,0.0
2016,CURRENCY/MONETARY,SAVINGS BOND,2.0,1050.0,0.0,0.0,0.0
2016,CURRENCY/MONETARY,TRAVELER'S CHECKS,1.0,7000.0,0.0,0.0,0.0
2016,CURRENCY/MONETARY,U.S. CASH OR CURRENCY,3850.0,194252471.0,0.0,0.0,0.0
2016,CURRENCY/MONETARY,VIRTUAL CURRENCY,4.0,440825.37,0.0,0.0,0.0
2016,DRUGS,"COCA PRODUCTS, TEA BAGS OR LIQUOR",2.0,0.0,1.7638,0.0,0.0
2016,DRUGS,COCAINE,3535.0,0.0,290967.980299999,0.0,0.0
2016,DRUGS,CRYSTAL METHAMPHETAMINES,814.0,0.0,7579.8004,0.0,0.0
2016,DRUGS,DIHYDROCODEINONE (HYDROCODONE),43.0,0.0,11.3568,0.0,0.0
2016,DRUGS,ECSTASY,885.0,0.0,1129.0182,0.0,0.0
2016,DRUGS,EPHEDRINE,5.0,0.0,1333.7583,0.0,0.0
2016,DRUGS,FENTANYL,81.0,0.0,597.0746,0.0,0.0
2016,DRUGS,GAMMA HYDROXY BUTYRATE,106.0,0.0,608.7514,0.0,0.0
2016,DRUGS,"HASH,LIQUID (HASH OIL)",14.0,0.0,43.9963,0.0,0.0
2016,DRUGS,HASHISH,56.0,0.0,78.7762,0.0,0.0
2016,DRUGS,HEROIN,1754.0,0.0,6214.52750000001,0.0,0.0
2016,DRUGS,KETAMINE,58.0,0.0,346.2397,0.0,0.0
2016,DRUGS,KHAT (CATHA EDULIS),45.0,0.0,15812.2491,0.0,0.0
2016,DRUGS,LSD,67.0,0.0,11.6468,0.0,0.0
2016,DRUGS,MARIJUANA,4660.0,0.01,745046.5008,849.96,0.0
2016,DRUGS,MARIJUANA PLANTS,113.0,0.0,377937.4185,0.0,0.0
2016,DRUGS,MDPV-(METHYLENEDIOXYPYROVALERONE),42.0,0.0,69.0492,0.0,0.0
2016,DRUGS,MEPHEDRONE,28.0,0.0,95.2471,0.0,0.0
2016,DRUGS,METHAMPHETAMINE,2818.0,0.0,39047.1966,0.0,0.0
2016,DRUGS,METHYLONE,55.0,0.0,103.1651,0.0,0.0
2016,DRUGS,METHYLPHENIDATE (RITALIN),15.0,0.0,3.8293,0.0,0.0
2016,DRUGS,MORPHINE,12.0,0.0,8.6548,0.0,0.0
2016,DRUGS,N-BENZYLPIPERAZINE (BZP TABLETS),3.0,0.0,0.129,0.0,0.0
2016,DRUGS,OPIUM,27.0,0.0,545.5008,0.0,0.0
2016,DRUGS,"OTHER DRUGS, PRESCRIPTIONS, CHEMICALS",1464.0,0.0,38606.0675999993,2.0,0.0
2016,DRUGS,OXYCODONE (OXYCONTIN),155.0,0.0,33.224,0.0,0.0
2016,DRUGS,PARAMETHOXYAMPHETAMINE,1.0,0.0,0.0086,0.0,0.0
2016,DRUGS,PRECURSOR CHEMICALS EXCEPT EPHEDRINE,14.0,0.0,10565.1285,0.0,0.0
2016,DRUGS,PSILOCYN OR PSILOCYBIN MUSHROOMS,56.0,0.0,35.1949,0.0,0.0
2016,DRUGS,ROHYPNOL,2.0,0.0,0.066,0.0,0.0
2016,DRUGS,STEROIDS,179.0,0.0,211.8069,0.0,0.0
2016,DRUGS,SYNTHETIC CANNABINOIDS - ALL TYPES,171.0,0.0,1639.1096,0.0,0.0
2016,GENERAL MDSE / OTHER,ALCOHOLIC BEVERAGES,16.0,1843420.99,0.0,0.0,127158.0
2016,GENERAL MDSE / OTHER,BORDER CROSSING CARD,11.0,801.0,0.0,0.0,13.0
2016,GENERAL MDSE / OTHER,CASH SUBSTITUTION,10.0,14240.0,0.0,0.0,4402.0
2016,GENERAL MDSE / OTHER,CIGARETTES,61.0,24936161.0,0.0,356.0,57471177.7
2016,GENERAL MDSE / OTHER,CLOCKS AND WATCHES,93.0,1137096.42,0.0,1063761.61,5075.0
2016,GENERAL MDSE / OTHER,CLOTHING,241.0,1171455.09,0.0,3850.0,24959.0
2016,GENERAL MDSE / OTHER,DAIRY PRODUCTS,2.0,1.0,0.0,0.0,3.0
2016,GENERAL MDSE / OTHER,ELECTRONIC EQUIPMENT,1511.0,2138690.85,0.0,140.0,11053.0
2016,GENERAL MDSE / OTHER,EVIDENCE,5504.0,3051138.16,0.0,106542.85,98282195.55
2016,GENERAL MDSE / OTHER,FISH OR FISH PRODUCTS,8.0,988019.0,0.0,0.0,100387.0
2016,GENERAL MDSE / OTHER,FRUITS,8.0,51063.0,0.0,0.0,98224.0
2016,GENERAL MDSE / OTHER,GAME ANIMALS/BIRDS,2.0,302718.0,0.0,0.0,88.18
2016,GENERAL MDSE / OTHER,"GOLD,DUST,NUGGETS",9.0,2608606.0,0.0,0.0,5484.5
2016,GENERAL MDSE / OTHER,HOUSEHOLD APPLIANCE,22.0,7602.0,0.0,0.0,94.0
2016,GENERAL MDSE / OTHER,HOUSEHOLD FURNISHINGS,14.0,34324.73,0.0,0.0,320.0
2016,GENERAL MDSE / OTHER,"HUMAN REMAINS (SKULLS, BONES, ETC)",2.0,0.0,0.0,0.0,2.0
2016,GENERAL MDSE / OTHER,INDUSTRIAL MACHINERY,24.0,1815025.0,0.0,0.0,3560.0
2016,GENERAL MDSE / OTHER,JEWELRY,137.0,1815150.0,0.0,0.0,72087.0
2016,GENERAL MDSE / OTHER,LIVE ANIMALS,10.0,753000.0,0.0,0.0,82.0
2016,GENERAL MDSE / OTHER,LIVE BIRDS,1.0,1.0,0.0,0.0,24.0
2016,GENERAL MDSE / OTHER,LIVE PLANTS,2.0,89600.0,0.0,0.0,1792.0
2016,GENERAL MDSE / OTHER,LUGGAGE,270.0,197718.0,0.0,0.0,438.0
2016,GENERAL MDSE / OTHER,MINERAL PRODUCTS,1.0,2918.0,0.0,0.0,2.0
2016,GENERAL MDSE / OTHER,MOBILE COMM DEVICES,7496.0,322964.51,0.0,7877.68,17324.0
2016,GENERAL MDSE / OTHER,OFFICE EQUIPMENT,35.0,165778.0,0.0,0.0,1915.0
2016,GENERAL MDSE / OTHER,OTHER PROPERTY,1500.0,34648220.88,0.0,55105.39,3981584.16
2016,GENERAL MDSE / OTHER,OTHER TRAVEL DOCUMENT,58.0,46.0,0.0,3.0,582.0
2016,GENERAL MDSE / OTHER,OTHER WEAPON PARTS NOT SENT TO HARPERS FERRY,306.0,200338.0,0.0,0.0,9516.0
2016,GENERAL MDSE / OTHER,PAPER OR PAPER PRODUCTS,82.0,578.0,0.0,0.0,5420.0
2016,GENERAL MDSE / OTHER,PASSPORTS,404.0,459.0,0.0,8001.0,1025.0
2016,GENERAL MDSE / OTHER,PERSONAL EFFECTS,1450.0,4248690.0,0.0,0.0,42657.15
2016,GENERAL MDSE / OTHER,PESTICIDES,2.0,15622.0,0.0,0.0,45.51
2016,GENERAL MDSE / OTHER,PLANT PRODUCTS,2.0,800.0,0.0,0.0,9.0
2016,GENERAL MDSE / OTHER,PREPARED FOODSTUFFS,13.0,1464.0,0.0,0.0,1445.14
2016,GENERAL MDSE / OTHER,RESIDENT ALIEN CARD,35.0,52.0,0.0,50.0,57.0
2016,GENERAL MDSE / OTHER,"SILVER,BARS,NUGGETS",4.0,667.0,0.0,0.0,1322.0
2016,GENERAL MDSE / OTHER,TOYS,20.0,578.0,0.0,0.0,47.0
2016,GENERAL MDSE / OTHER,VEGETABLES,7.0,68818.0,0.0,0.0,60438.0
2016,GENERAL MDSE / OTHER,VIRTUAL CURRENCY,2.0,8104.0,0.0,0.0,28.29
2016,GENERAL MDSE / OTHER,WORKS OF ART,71.0,10013498.0,0.0,205500.0,2623.0
2016,PROHIBITED ITEMS,ALL OTHER EMBARGO ITEMS,9.0,0.0,0.0,0.0,114.0
2016,PROHIBITED ITEMS,CIGARETTES,18.0,0.0,0.0,0.0,2460506.0
2016,PROHIBITED ITEMS,CONSUMER PRODUCT SAFETY COMMISSION,5.0,0.0,0.0,0.0,1041.0
2016,PROHIBITED ITEMS,CUBAN CIGARS,2.0,0.0,0.0,0.0,95.0
2016,PROHIBITED ITEMS,DRUG PARAPHERNALIA,295.0,0.0,0.0,0.0,591338.5
2016,PROHIBITED ITEMS,ELECTRONIC DEVICES,50.0,3.33,0.0,0.0,50169.0
2016,PROHIBITED ITEMS,ENVIRONMENTAL PROTECTION AGENCY,1.0,0.0,0.0,0.0,94152.0
2016,PROHIBITED ITEMS,FIREWORKS,2.0,0.0,0.0,0.0,1434.7
2016,PROHIBITED ITEMS,FISH & WILDLIFE,13.0,0.0,0.0,0.0,10928.87
2016,PROHIBITED ITEMS,FOOD AND DRUG ADMINISTRATION,156.0,0.0,0.0,150.0,961797.57
2016,PROHIBITED ITEMS,GAMBLING PARAPHERNALIA,13.0,300.0,0.0,0.0,539.0
2016,PROHIBITED ITEMS,GAME BIRDS (AGR),1.0,0.0,0.0,0.0,60.0
2016,PROHIBITED ITEMS,LIVE ANIMALS (OTHER) (AGR),2.0,0.0,0.0,0.0,6.0
2016,PROHIBITED ITEMS,LIVE BIRDS (OTHER) (AGR),1.0,0.0,0.0,0.0,9.0
2016,PROHIBITED ITEMS,LIVE PLANTS (AGR),1.0,0.0,0.0,0.0,658.0
2016,PROHIBITED ITEMS,LOTTERY TICKETS,29.0,29775.0,0.0,0.0,227923.0
2016,PROHIBITED ITEMS,OTHER AGRICULTURAL ARTICLES (NOT OTHERWISE SPECIFIED) (AGR),2.0,0.0,0.0,0.0,456084.0
2016,PROHIBITED ITEMS,PORNOGRAPHY/CHILD,41.0,0.0,0.0,0.0,163.0
2016,PROHIBITED ITEMS,PORNOGRAPHY/OTHER,3.0,0.0,0.0,0.0,5.0
2016,PROHIBITED ITEMS,SWITCHBLADE KNIVES,4.0,0.0,0.0,0.0,5.0
2016,REAL ESTATE,APARTMENT (EA),5.0,1783320.0,0.0,0.0,4.0
2016,REAL ESTATE,CONDOMINUM (EA),13.0,1837183.0,0.0,0.0,10.07
2016,REAL ESTATE,HOUSE - DETACHED (EA),37.0,40682552.0,0.0,0.0,52.82
2016,REAL ESTATE,LAND (AC),3.0,267000.0,0.0,0.0,2.22
2016,REAL ESTATE,MOBILE HOME (PERMANENT INSTALLATION) (EA),2.0,252000.0,0.0,0.0,2.0
2016,REAL ESTATE,OFFICE BUILDING (EA)(AC),1.0,165000.0,0.0,0.0,1.0
2016,REAL ESTATE,OTHER COMMERCIAL PROPERTY (EA) (AC),7.0,2116001.0,0.0,0.0,7.0
2016,REAL ESTATE,TOWNHOUSE  (EA),3.0,485000.0,0.0,0.0,1.56
2016,VEHICLES,BUS,15.0,769459.0,0.0,0.0,15.0
2016,VEHICLES,COACH,2.0,55000.0,0.0,0.0,2.0
2016,VEHICLES,CONVERTIBLE,21.0,600128.0,0.0,0.0,21.0
2016,VEHICLES,COUPE (USE IF UNKNOWN WHETHER 2 DOOR SEDAN OR 2 DOOR HARD TOP),237.0,2873044.0,0.0,2575.0,242.0
2016,VEHICLES,HARD TOP (USE WHEN NUMBER OF DOORS IS UNKNOWN),5.0,17500.0,0.0,0.0,5.0
2016,VEHICLES,HATCHBACK/FASTBACK (HAS REAR DOOR AND NUMBER OF SIDE DOORS UNKNOWN),46.0,133361.0,0.0,0.0,46.0
2016,VEHICLES,HEAVY TRUCK,5.0,56000.0,0.0,0.0,5.0
2016,VEHICLES,LIGHT TRUCK,36.0,314123.0,0.0,0.0,36.0
2016,VEHICLES,MEDIUM TRUCK,7.0,44551.0,0.0,0.0,7.0
2016,VEHICLES,MOBILE HOME (NOT SET UP),1.0,10000.0,0.0,0.0,1.0
2016,VEHICLES,MOTORCYCLE,45.0,546998.0,0.0,0.0,71.0
2016,VEHICLES,MOTORIZED HOME,7.0,119650.0,0.0,0.0,7.0
2016,VEHICLES,OTHER TRUCK,11.0,77825.0,0.0,0.0,11.0
2016,VEHICLES,OTHER VEHICLE,67.0,526721.0,0.0,0.0,85.0
2016,VEHICLES,PICKUP,697.0,6623816.0,0.0,0.0,719.0
2016,VEHICLES,PICKUP WITH MOUNTED CAMPER,2.0,5500.0,0.0,0.0,2.0
2016,VEHICLES,RECREATION,8.0,168284.0,0.0,0.0,10.0
2016,VEHICLES,SEDAN (USE IF A SEDAN AND NUMBER OF DOORS UNKNOWN - SEE 2D OR 4D),1808.0,11961698.0,0.0,0.0,1858.0
2016,VEHICLES,SPORT UTILITY VEHICLE,1137.0,11967537.33,0.0,0.0,1225.0
2016,VEHICLES,STAKE OR RACK TRUCK,2.0,6475.0,0.0,0.0,2.0
2016,VEHICLES,STATION WAGON,50.0,169824.0,0.0,0.0,50.0
2016,VEHICLES,TANKER,1.0,8000.0,0.0,0.0,1.0
2016,VEHICLES,TOURING CAR,1.0,4000.0,0.0,0.0,1.0
2016,VEHICLES,TRACTOR TRAILER,66.0,869331.0,0.0,0.0,70.0
2016,VEHICLES,"TRACTOR TRUCK, DIESEL",99.0,2276963.0,0.0,0.0,101.0
2016,VEHICLES,"TRACTOR TRUCK, GASOLINE",52.0,580518.0,0.0,0.0,60.0
2016,VEHICLES,TRAILER,87.0,553741.0,0.0,0.0,93.0
2016,VEHICLES,TRAVEL TRAILER,4.0,96542.0,0.0,0.0,4.0
2016,VEHICLES,TRUCK,253.0,1589496.0,0.0,0.0,254.0
2016,VEHICLES,VAN,274.0,809542.0,0.0,0.0,276.0
2016,VEHICLES,VAN CAMPER,1.0,750.0,0.0,0.0,1.0
2016,VESSELS,CARGO VESSEL,1.0,150000.0,0.0,0.0,1.0
2016,VESSELS,LARGE FISHING (OVER 30FT),4.0,325001.0,0.0,0.0,4.0
2016,VESSELS,MAKESHIFT VESSEL,1.0,1000.0,0.0,0.0,1.0
2016,VESSELS,MOTORBOAT,21.0,302811.0,0.0,0.0,22.0
2016,VESSELS,OTHER VESSEL,15.0,159901.0,0.0,0.0,17.0
2016,VESSELS,RECREATION,13.0,230000.0,0.0,0.0,13.0
2016,VESSELS,SAILING,6.0,147000.0,0.0,0.0,6.0
2016,VESSELS,SMALL FISHING (30FT OR LESS),13.0,189866.0,0.0,0.0,13.0
2016,VESSELS,YACHT,2.0,1752000.0,0.0,0.0,2.0
2017,AIRCRAFT,MULTI-JET,2.0,650000.0,0.0,0.0,2.0
2017,AIRCRAFT,MULTI-PROP,5.0,590001.0,0.0,0.0,5.0
2017,AIRCRAFT,OTHER AIRCRAFT,4.0,10102.0,0.0,0.0,5.0
2017,AIRCRAFT,SINGLE JET,1.0,5000000.0,0.0,0.0,1.0
2017,AIRCRAFT,SINGLE PROP,5.0,335000.0,0.0,0.0,5.0
2017,AIRCRAFT,TWIN JET,2.0,845000.0,0.0,0.0,2.0
2017,AIRCRAFT,TWIN PROP,7.0,799127.0,0.0,0.0,7.0
2017,ARMS/AMMO/EXPLOSIVES,AMMUNITION,1085.0,236293.84,0.0,11.0,683666.75
2017,ARMS/AMMO/EXPLOSIVES,BOMB,1.0,4.0,0.0,0.0,88.0
2017,ARMS/AMMO/EXPLOSIVES,CASE,51.0,2917.0,0.0,0.0,392.0
2017,ARMS/AMMO/EXPLOSIVES,DISGUISED WEAPON,2.0,1156.0,0.0,0.0,4.0
2017,ARMS/AMMO/EXPLOSIVES,GRENADE,10.0,24107.0,0.0,0.0,67.0
2017,ARMS/AMMO/EXPLOSIVES,MACHINE GUN,36.0,122816.0,0.0,0.0,52.0
2017,ARMS/AMMO/EXPLOSIVES,MAGAZINE,898.0,134716.02,0.0,88.0,10691.78
2017,ARMS/AMMO/EXPLOSIVES,PISTOL,1714.0,1017116.91,0.0,1009.0,3289.45
2017,ARMS/AMMO/EXPLOSIVES,RECEIVERS,53.0,69622.0,0.0,0.0,358.0
2017,ARMS/AMMO/EXPLOSIVES,REVOLVERS,274.0,70616.0,0.0,0.0,353.0
2017,ARMS/AMMO/EXPLOSIVES,RIFLE,606.0,787173.58,0.0,0.0,1559.0
2017,ARMS/AMMO/EXPLOSIVES,RIFLE-SHOTGUN COMBINATION,1.0,1000.0,0.0,0.0,1.0
2017,ARMS/AMMO/EXPLOSIVES,ROCKET,1.0,750.0,0.0,0.0,1.0
2017,ARMS/AMMO/EXPLOSIVES,SCOPE,203.0,573069.39,0.0,1350.0,553.0
2017,ARMS/AMMO/EXPLOSIVES,SHOTGUN,273.0,120352.99,0.0,0.0,514.0
2017,ARMS/AMMO/EXPLOSIVES,SHOTGUN PISTOL,5.0,1250.0,0.0,0.0,5.0
2017,ARMS/AMMO/EXPLOSIVES,SILENCER (MUFFLER OR SOUND MODERATOR),28.0,5384.0,0.0,0.0,65.0
2017,ARMS/AMMO/EXPLOSIVES,"STUN GUN, TASER",19.0,10785.99,0.0,0.0,423.0
2017,ARMS/AMMO/EXPLOSIVES,SUBMACHINE GUN OR MACHINE PISTOL,9.0,3505.0,0.0,0.0,11.0
2017,ARMS/AMMO/EXPLOSIVES,VEST BODY ARMOR,48.0,22635.0,0.0,0.0,108.0
2017,COMPUTERS,CHIP/MICROPROCESSOR,5.0,80245.0,0.0,0.0,2323.0
2017,COMPUTERS,COMPUTER STORAGE MEDIA,1795.0,557170.76,0.0,367.87,38366.0
2017,COMPUTERS,COMPUTER/PROCESSOR,1092.0,319690.36,0.0,4189.98,1999.0
2017,COMPUTERS,DOMAIN SITE NAME,347.0,9796.0,0.0,0.0,1118.0
2017,COMPUTERS,LAPTOP,1863.0,650346.93,0.0,11031.99,3642.0
2017,COMPUTERS,LASER PRINTER,14.0,2379.05,0.0,0.0,18.0
2017,COMPUTERS,MODEM,38.0,1469.0,0.0,0.0,51.0
2017,COMPUTERS,MOTHER BOARD,5.0,11221.0,0.0,0.0,207.0
2017,COMPUTERS,OTHER CIRCUIT BOARD,7.0,19067.0,0.0,0.0,74.0
2017,COMPUTERS,OTHER COMPUTER PARTS/EQUIPMENT,145.0,221355.0,0.0,19.99,663.0
2017,COMPUTERS,OTHER PRINTER,32.0,27617.03,0.0,0.0,63.0
2017,COMPUTERS,SIM CARD,123.0,1071.0,0.0,10.5,311.0
2017,COMPUTERS,TABLET,1059.0,174369.99,0.0,409.98,1807.0
2017,COMPUTERS,VIDEO DISPLAY TERMINAL,24.0,5983.0,0.0,0.0,72.0
2017,COUNTERFEIT GOODS,CLOTHING,1006.0,7662917.63,0.0,19698720.43,224929.0
2017,COUNTERFEIT GOODS,COMPUTER CHIPS,20.0,202518.18,0.0,322936.0,28500.0
2017,COUNTERFEIT GOODS,COMPUTER SOFTWARE,8.0,15711701.95,0.0,22467568.95,98468.0
2017,COUNTERFEIT GOODS,COMPUTER/COMPUTER PARTS,66.0,502595.0,0.0,2099807.0,1128.0
2017,COUNTERFEIT GOODS,COUNTERFEIT MONETARY INSTRUMENTS,73.0,149151.0,0.0,4782974.0,37629.0
2017,COUNTERFEIT GOODS,COUNTERFEIT PRESCRIPTION DRUGS,71.0,1243820.89,0.0,9921324.44,461362.0
2017,COUNTERFEIT GOODS,ELECTRONICS,348.0,5478060.16,0.0,9380072.21,183365.0
2017,COUNTERFEIT GOODS,FOOTWEAR,324.0,11387104.05,0.0,25711853.78,737386.0
2017,COUNTERFEIT GOODS,GOLF CLUBS AND CLUB PARTS,4.0,89909.0,0.0,92299.0,2991.0
2017,COUNTERFEIT GOODS,IDENTIFICATION DOCUMENTS,300.0,59.0,0.0,33953.0,6429.0
2017,COUNTERFEIT GOODS,JEWELRY,98.0,5725382.0,0.0,57811464.0,53445.0
2017,COUNTERFEIT GOODS,LABELS/EMBLEMS,66.0,8636144.43,0.0,47057206.0,1060538.0
2017,COUNTERFEIT GOODS,LUGGAGE,24.0,59425.0,0.0,129443.0,112.0
2017,COUNTERFEIT GOODS,MOVIES MUSIC MEDIA,148.0,4148052.51,0.0,5147709.81,346656.0
2017,COUNTERFEIT GOODS,OTHER COUNTERFEIT GOODS,1542.0,23954992.27,0.0,92029081.21,126771824.0
2017,COUNTERFEIT GOODS,PURSE/WALLETS,353.0,17455256.74,0.0,77515883.98,127595.0
2017,COUNTERFEIT GOODS,TOYS,17.0,96015.0,0.0,287983.0,17051.0
2017,COUNTERFEIT GOODS,WATCHES,130.0,27758334.94,0.0,82806495.0,30949.0
2017,CURRENCY/MONETARY,BANK ACCOUNT,36.0,7369544.69,0.0,0.0,0.0
2017,CURRENCY/MONETARY,CASH SUBSTITUTION,27.0,4310817.63,0.0,0.0,0.0
2017,CURRENCY/MONETARY,CHECKS,1244.0,120434810.87,0.0,0.0,0.0
2017,CURRENCY/MONETARY,FOREIGN CASH (NON U.S.),182.0,7419988.51,0.0,0.0,0.0
2017,CURRENCY/MONETARY,MONEY ORDER,56.0,577220.61,0.0,0.0,0.0
2017,CURRENCY/MONETARY,OTHER,20.0,135679932.1,0.0,0.0,0.0
2017,CURRENCY/MONETARY,PRE-PAID/STORED VALUE CARD,23.0,70889.28,0.0,0.0,0.0
2017,CURRENCY/MONETARY,SAVINGS BOND,2.0,77900.0,0.0,0.0,0.0
2017,CURRENCY/MONETARY,U.S. CASH OR CURRENCY,3648.0,185503458.14,0.0,1.0,0.0
2017,CURRENCY/MONETARY,VIRTUAL CURRENCY,7.0,4766405.4,0.0,0.0,0.0
2017,DRUGS,COCAINE,3391.0,0.0,272142.564599998,0.0,0.0
2017,DRUGS,CRYSTAL METHAMPHETAMINES,623.0,0.0,6284.34759999999,0.0,0.0
2017,DRUGS,DIHYDROCODEINONE (HYDROCODONE),36.0,0.0,4.0093,0.0,0.0
2017,DRUGS,ECSTASY,654.0,0.0,848.588800000001,0.0,0.0
2017,DRUGS,FENETHYLLINE-(CAPTAGON-AMPHETAMINE),6.0,0.0,0.2145,0.0,0.0
2017,DRUGS,FENTANYL,413.0,0.0,2371.8614,0.0,0.0
2017,DRUGS,GAMMA HYDROXY BUTYRATE,24.0,0.0,350.2921,0.0,0.0
2017,DRUGS,"HASH,LIQUID (HASH OIL)",19.0,0.0,113.9008,0.0,0.0
2017,DRUGS,HASHISH,48.0,0.0,35.5056,0.0,0.0
2017,DRUGS,HEROIN,1821.0,0.0,6930.65340000002,0.0,0.0
2017,DRUGS,KETAMINE,61.0,0.0,195.2967,0.0,0.0
2017,DRUGS,KHAT (CATHA EDULIS),22.0,0.0,876.9904,0.0,0.0
2017,DRUGS,KRATOM (MITRAGYNINE OR 7-HYDROXYMITRAGYNINE),3.0,0.0,1.6085,0.0,0.0
2017,DRUGS,LSD,94.0,0.0,12.9923,0.0,0.0
2017,DRUGS,MARIJUANA,3904.0,0.0,544983.084799999,0.0,0.0
2017,DRUGS,MARIJUANA PLANTS,91.0,0.0,94524.7238,0.0,0.0
2017,DRUGS,MDPV-(METHYLENEDIOXYPYROVALERONE),111.0,0.0,150.3807,0.0,0.0
2017,DRUGS,MEPHEDRONE,84.0,0.0,84.342499999999,0.0,0.0
2017,DRUGS,METHAMPHETAMINE,3083.0,0.0,57889.3781000001,0.0,0.0
2017,DRUGS,METHYLONE,71.0,0.0,72.9858,0.0,0.0
2017,DRUGS,METHYLPHENIDATE (RITALIN),12.0,0.0,3.1973,0.0,0.0
2017,DRUGS,MORPHINE,20.0,0.0,2.859,0.0,0.0
2017,DRUGS,N-BENZYLPIPERAZINE (BZP TABLETS),11.0,0.0,6.611,0.0,0.0
2017,DRUGS,NEXUS/2 CB,3.0,0.0,0.9344,0.0,0.0
2017,DRUGS,OPIUM,31.0,0.0,1651.7897,0.0,0.0
2017,DRUGS,"OTHER DRUGS, PRESCRIPTIONS, CHEMICALS",1634.0,0.0,2797.61430000003,200.0,0.0
2017,DRUGS,OXYCODONE (OXYCONTIN),202.0,0.0,128.9056,0.0,0.0
2017,DRUGS,PRECURSOR CHEMICALS EXCEPT EPHEDRINE,24.0,0.0,483.7047,0.0,0.0
2017,DRUGS,PSILOCYN OR PSILOCYBIN MUSHROOMS,64.0,0.0,268.8547,0.0,0.0
2017,DRUGS,STEROIDS,313.0,0.0,731.122500000001,0.0,0.0
2017,DRUGS,SYNTHETIC CANNABINOIDS - ALL TYPES,118.0,0.0,7476.257,0.0,0.0
2017,GENERAL MDSE / OTHER,ALCOHOLIC BEVERAGES,27.0,3988128.0,0.0,0.0,270605.75
2017,GENERAL MDSE / OTHER,BORDER CROSSING CARD,22.0,0.0,0.0,0.0,24.0
2017,GENERAL MDSE / OTHER,CASH SUBSTITUTION,6.0,10.0,0.0,0.0,21.0
2017,GENERAL MDSE / OTHER,CIGARETTES,78.0,41713421.91,0.0,21710.0,59613995.6
2017,GENERAL MDSE / OTHER,CLOCKS AND WATCHES,94.0,1947895.0,0.0,3852.0,396.0
2017,GENERAL MDSE / OTHER,CLOTHING,217.0,924609.4,0.0,297270.99,35774.0
2017,GENERAL MDSE / OTHER,DAIRY PRODUCTS,1.0,0.0,0.0,0.0,1.0
2017,GENERAL MDSE / OTHER,ELECTRONIC EQUIPMENT,1393.0,373686.41,0.0,3508.48,59664.0
2017,GENERAL MDSE / OTHER,EVIDENCE,5331.0,133935.86,0.0,15201.42,99747.0
2017,GENERAL MDSE / OTHER,FERTILIZERS,1.0,0.0,0.0,0.0,4.0
2017,GENERAL MDSE / OTHER,FISH OR FISH PRODUCTS,1.0,0.0,0.0,0.0,800.0
2017,GENERAL MDSE / OTHER,FRUITS,7.0,49859.0,0.0,0.0,91210.0
2017,GENERAL MDSE / OTHER,GAME ANIMALS/BIRDS,1.0,2000.0,0.0,0.0,109.2
2017,GENERAL MDSE / OTHER,"GOLD,DUST,NUGGETS",19.0,397010.0,0.0,0.0,942.1
2017,GENERAL MDSE / OTHER,HOUSEHOLD APPLIANCE,10.0,201.0,0.0,0.0,15.0
2017,GENERAL MDSE / OTHER,HOUSEHOLD FURNISHINGS,23.0,4807.0,0.0,0.0,166.0
2017,GENERAL MDSE / OTHER,"HUMAN REMAINS (SKULLS, BONES, ETC)",2.0,2.0,0.0,0.0,10.0
2017,GENERAL MDSE / OTHER,INDUSTRIAL MACHINERY,24.0,1690120.46,0.0,0.0,186.0
2017,GENERAL MDSE / OTHER,JEWELRY,107.0,276458.82,0.0,0.0,5918.0
2017,GENERAL MDSE / OTHER,LIVE ANIMALS,6.0,808.0,0.0,0.0,130.0
2017,GENERAL MDSE / OTHER,LIVE BIRDS,1.0,96.0,0.0,0.0,96.0
2017,GENERAL MDSE / OTHER,LUGGAGE,200.0,24168.98,0.0,0.0,600.0
2017,GENERAL MDSE / OTHER,MINERAL PRODUCTS,3.0,15.0,0.0,0.0,9.13
2017,GENERAL MDSE / OTHER,MOBILE COMM DEVICES,7791.0,385371.16,0.0,15033.99,17753.0
2017,GENERAL MDSE / OTHER,OFFICE EQUIPMENT,23.0,24448.0,0.0,1.0,3112.0
2017,GENERAL MDSE / OTHER,OTHER PROPERTY,1222.0,63542451.14,0.0,57805.41,9328072.53
2017,GENERAL MDSE / OTHER,OTHER TRAVEL DOCUMENT,58.0,20.0,0.0,0.0,134.0
2017,GENERAL MDSE / OTHER,OTHER WEAPON PARTS NOT SENT TO HARPERS FERRY,359.0,1886345.98,0.0,0.0,79502.0
2017,GENERAL MDSE / OTHER,PAPER OR PAPER PRODUCTS,97.0,20902.97,0.0,0.0,39800.0
2017,GENERAL MDSE / OTHER,PASSPORTS,357.0,264.0,0.0,0.0,510.0
2017,GENERAL MDSE / OTHER,PERSONAL EFFECTS,1602.0,45072.0,0.0,0.0,4972.08
2017,GENERAL MDSE / OTHER,PESTICIDES,1.0,1.0,0.0,0.0,3.0
2017,GENERAL MDSE / OTHER,PLANT PRODUCTS,5.0,51.0,0.0,0.0,65.0
2017,GENERAL MDSE / OTHER,PREPARED FOODSTUFFS,10.0,5008.0,0.0,0.0,314.0
2017,GENERAL MDSE / OTHER,RESIDENT ALIEN CARD,24.0,4.0,0.0,0.0,27.0
2017,GENERAL MDSE / OTHER,"SILVER,BARS,NUGGETS",12.0,22704.0,0.0,0.0,865.4
2017,GENERAL MDSE / OTHER,TOYS,21.0,2293.0,0.0,0.0,73.0
2017,GENERAL MDSE / OTHER,VEGETABLES,9.0,58892.0,0.0,0.0,83834.0
2017,GENERAL MDSE / OTHER,VIRTUAL CURRENCY,30.0,2187229.61,0.0,0.0,2302.88
2017,GENERAL MDSE / OTHER,WORKS OF ART,31.0,720393.0,0.0,52120.0,3204.0
2017,PROHIBITED ITEMS,ALL OTHER EMBARGO ITEMS,7.0,0.0,0.0,0.0,5391.0
2017,PROHIBITED ITEMS,CIGARETTES,32.0,0.0,0.0,1416.78,53048.0
2017,PROHIBITED ITEMS,CONSUMER PRODUCT SAFETY COMMISSION,10.0,0.0,0.0,0.0,14958.0
2017,PROHIBITED ITEMS,DRUG PARAPHERNALIA,259.0,0.0,0.0,0.0,19970.87
2017,PROHIBITED ITEMS,ELECTRONIC DEVICES,14.0,0.0,0.0,0.0,2685.0
2017,PROHIBITED ITEMS,ENVIRONMENTAL PROTECTION AGENCY,2.0,0.0,0.0,0.0,49.0
2017,PROHIBITED ITEMS,FISH & WILDLIFE,6.0,0.0,0.0,0.0,72.0
2017,PROHIBITED ITEMS,FOOD AND DRUG ADMINISTRATION,124.0,0.0,0.0,0.0,243230.1
2017,PROHIBITED ITEMS,GAMBLING PARAPHERNALIA,3.0,0.0,0.0,0.0,21.0
2017,PROHIBITED ITEMS,LIVE ANIMALS (OTHER) (AGR),1.0,0.0,0.0,0.0,18.0
2017,PROHIBITED ITEMS,"LIVE ANIMALS/LIVESTOCK (CATTLE,SWINE,SHEEP,GOATS) (AGR)",1.0,0.0,0.0,0.0,5.0
2017,PROHIBITED ITEMS,LIVE BIRDS (OTHER) (AGR),1.0,0.0,0.0,0.0,13.0
2017,PROHIBITED ITEMS,LIVE PLANTS (AGR),2.0,0.0,0.0,0.0,24.8
2017,PROHIBITED ITEMS,LOTTERY TICKETS,9.0,0.0,0.0,0.0,134895.0
2017,PROHIBITED ITEMS,"LUMBER,LOGS,WOOD PRODUCTS (UNPROCESSED) (AGR)",2.0,0.0,0.0,0.0,14225.0
2017,PROHIBITED ITEMS,OTHER AGRICULTURAL ARTICLES (NOT OTHERWISE SPECIFIED) (AGR),1.0,0.0,0.0,0.0,297.0
2017,PROHIBITED ITEMS,PILL PRESS,3.0,0.0,0.0,0.0,4.0
2017,PROHIBITED ITEMS,"PLANT PRODUCTS (LEAVES,STRAW,GREENERY,COTTON,ETC) (AGR)",3.0,0.0,0.0,0.0,1059760.62
2017,PROHIBITED ITEMS,PORNOGRAPHY/CHILD,20.0,5.0,0.0,0.0,1438.0
2017,PROHIBITED ITEMS,PORNOGRAPHY/OTHER,1.0,0.0,0.0,0.0,1.0
2017,PROHIBITED ITEMS,SEEDS (FOR PROPAGATION) (AGR),1.0,0.0,0.0,0.0,28.5
2017,PROHIBITED ITEMS,SWITCHBLADE KNIVES,7.0,0.0,0.0,0.0,3198.0
2017,REAL ESTATE,APARTMENT (EA),4.0,1949000.0,0.0,0.0,4.0
2017,REAL ESTATE,CONDOMINUM (EA),12.0,5221517.0,0.0,0.0,11.03
2017,REAL ESTATE,HOUSE - DETACHED (EA),65.0,15786671.0,0.0,0.0,68.98
2017,REAL ESTATE,LAND (AC),8.0,1486322.0,0.0,0.0,183.99
2017,REAL ESTATE,OFFICE BUILDING (EA)(AC),2.0,948694.0,0.0,0.0,2.0
2017,REAL ESTATE,OTHER COMMERCIAL PROPERTY (EA) (AC),10.0,5238000.0,0.0,0.0,9.26
2017,REAL ESTATE,OTHER PROPERTY (EA)(AC),5.0,583417.0,0.0,0.0,5.0
2017,VEHICLES,BUS,18.0,566992.0,0.0,0.0,19.0
2017,VEHICLES,CONVERTIBLE,13.0,616825.0,0.0,0.0,13.0
2017,VEHICLES,COUPE (USE IF UNKNOWN WHETHER 2 DOOR SEDAN OR 2 DOOR HARD TOP),208.0,3291011.3,0.0,0.0,216.0
2017,VEHICLES,HARD TOP (USE WHEN NUMBER OF DOORS IS UNKNOWN),7.0,122973.0,0.0,0.0,7.0
2017,VEHICLES,HATCHBACK/FASTBACK (HAS REAR DOOR AND NUMBER OF SIDE DOORS UNKNOWN),42.0,228387.0,0.0,0.0,42.0
2017,VEHICLES,HEAVY TRUCK,7.0,113854.0,0.0,0.0,10.0
2017,VEHICLES,HUMVEE,3.0,129000.0,0.0,0.0,3.0
2017,VEHICLES,LIGHT TRUCK,33.0,614387.0,0.0,0.0,36.0
2017,VEHICLES,MEDIUM TRUCK,7.0,101005.0,0.0,0.0,11.0
2017,VEHICLES,MOTORCYCLE,34.0,348825.0,0.0,0.0,64.0
2017,VEHICLES,OTHER TRUCK,5.0,31274.0,0.0,0.0,5.0
2017,VEHICLES,OTHER VEHICLE,57.0,2457980.0,0.0,0.0,68.0
2017,VEHICLES,PICKUP,492.0,3955383.0,0.0,0.0,524.0
2017,VEHICLES,PICKUP WITH MOUNTED CAMPER,2.0,18140.0,0.0,0.0,2.0
2017,VEHICLES,RECREATION,4.0,217398.0,0.0,0.0,4.0
2017,VEHICLES,ROADSTER,1.0,100000.0,0.0,0.0,1.0
2017,VEHICLES,SEDAN (USE IF A SEDAN AND NUMBER OF DOORS UNKNOWN - SEE 2D OR 4D),1791.0,10661989.59,0.0,0.0,1871.0
2017,VEHICLES,SPORT UTILITY VEHICLE,1068.0,11696511.0,0.0,18050.0,1124.0
2017,VEHICLES,STATION WAGON,30.0,141686.0,0.0,0.0,32.0
2017,VEHICLES,TOURING CAR,1.0,7795.0,0.0,0.0,1.0
2017,VEHICLES,TRACTOR TRAILER,80.0,1182398.0,0.0,0.0,82.0
2017,VEHICLES,"TRACTOR TRUCK, DIESEL",88.0,2826597.0,0.0,0.0,94.0
2017,VEHICLES,"TRACTOR TRUCK, GASOLINE",50.0,1176177.0,0.0,0.0,61.0
2017,VEHICLES,TRAILER,79.0,816873.0,0.0,0.0,83.0
2017,VEHICLES,TRAVEL TRAILER,2.0,22460.0,0.0,0.0,2.0
2017,VEHICLES,TRUCK,256.0,2190452.0,0.0,0.0,260.0
2017,VEHICLES,VAN,260.0,1014312.0,0.0,144700.0,267.0
2017,VESSELS,CARGO VESSEL,2.0,170000.0,0.0,0.0,2.0
2017,VESSELS,INFLATABLE BOAT/RAFT,1.0,500000.0,0.0,0.0,2.0
2017,VESSELS,LARGE FISHING (OVER 30FT),3.0,109000.0,0.0,0.0,3.0
2017,VESSELS,MAKESHIFT VESSEL,4.0,21300.0,0.0,0.0,4.0
2017,VESSELS,MOTORBOAT,27.0,757618.0,0.0,53360.0,29.0
2017,VESSELS,OTHER VESSEL,12.0,63696.0,0.0,0.0,13.0
2017,VESSELS,RECREATION,20.0,247747.0,0.0,0.0,20.0
2017,VESSELS,SAILING,1.0,8000.0,0.0,0.0,1.0
2017,VESSELS,SMALL FISHING (30FT OR LESS),23.0,439685.0,0.0,0.0,23.0
2017,VESSELS,TANKER,1.0,100000.0,0.0,0.0,1.0
2017,VESSELS,YACHT,3.0,538500.0,0.0,0.0,3.0
2018,AIRCRAFT,MULTI-JET,1.0,60000.0,0.0,0.0,1.0
2018,AIRCRAFT,OTHER AIRCRAFT,2.0,1000002.0,0.0,0.0,3.0
2018,AIRCRAFT,RECREATION,1.0,10000.0,0.0,0.0,1.0
2018,AIRCRAFT,SINGLE PROP,3.0,263900.0,0.0,0.0,3.0
2018,AIRCRAFT,TWIN JET,2.0,1219480.0,0.0,0.0,2.0
2018,AIRCRAFT,TWIN PROP,4.0,630000.0,0.0,0.0,4.0
2018,ARMS/AMMO/EXPLOSIVES,AMMUNITION,275.0,110032.85,0.0,0.0,307927.0
2018,ARMS/AMMO/EXPLOSIVES,CASE,8.0,68.0,0.0,0.0,45.0
2018,ARMS/AMMO/EXPLOSIVES,GRENADE,3.0,4301.0,0.0,0.0,126.0
2018,ARMS/AMMO/EXPLOSIVES,MACHINE GUN,1.0,850.0,0.0,0.0,2.0
2018,ARMS/AMMO/EXPLOSIVES,MAGAZINE,224.0,22356.0,0.0,0.0,20508.0
2018,ARMS/AMMO/EXPLOSIVES,MISSLE,1.0,1000.0,0.0,0.0,1.0
2018,ARMS/AMMO/EXPLOSIVES,MORTAR,1.0,1.0,0.0,0.0,6.0
2018,ARMS/AMMO/EXPLOSIVES,PISTOL,480.0,257887.0,0.0,0.0,871.0
2018,ARMS/AMMO/EXPLOSIVES,RECEIVERS,11.0,3680.0,0.0,0.0,55.0
2018,ARMS/AMMO/EXPLOSIVES,REVOLVERS,76.0,15957.0,0.0,24.0,93.0
2018,ARMS/AMMO/EXPLOSIVES,RIFLE,164.0,192412.0,0.0,0.0,442.0
2018,ARMS/AMMO/EXPLOSIVES,RIFLE-SHOTGUN COMBINATION,3.0,52.0,0.0,0.0,3.0
2018,ARMS/AMMO/EXPLOSIVES,SCOPE,59.0,110227.0,0.0,0.0,146.0
2018,ARMS/AMMO/EXPLOSIVES,SHOTGUN,76.0,44325.0,0.0,0.0,157.0
2018,ARMS/AMMO/EXPLOSIVES,SILENCER (MUFFLER OR SOUND MODERATOR),2.0,510.0,0.0,0.0,6.0
2018,ARMS/AMMO/EXPLOSIVES,"STUN GUN, TASER",6.0,3209.0,0.0,0.0,6.0
2018,ARMS/AMMO/EXPLOSIVES,SUBMACHINE GUN OR MACHINE PISTOL,4.0,1202.0,0.0,0.0,4.0
2018,ARMS/AMMO/EXPLOSIVES,VEST BODY ARMOR,12.0,2337.0,0.0,0.0,17.0
2018,COMPUTERS,COMPUTER STORAGE MEDIA,534.0,50621.63,0.0,0.0,7338.0
2018,COMPUTERS,COMPUTER/PROCESSOR,321.0,150914.04,0.0,0.0,599.0
2018,COMPUTERS,LAPTOP,549.0,148030.41,0.0,1.0,1034.0
2018,COMPUTERS,LASER PRINTER,6.0,1603.0,0.0,0.0,6.0
2018,COMPUTERS,MODEM,11.0,259.0,0.0,0.0,11.0
2018,COMPUTERS,OTHER CIRCUIT BOARD,1.0,90.0,0.0,0.0,3000.0
2018,COMPUTERS,OTHER COMPUTER PARTS/EQUIPMENT,30.0,2126.24,0.0,0.0,1301.0
2018,COMPUTERS,OTHER PRINTER,4.0,402.0,0.0,0.0,5.0
2018,COMPUTERS,SIM CARD,38.0,281.0,0.0,0.0,187.0
2018,COMPUTERS,TABLET,318.0,70454.03,0.0,100.0,889.0
2018,COMPUTERS,VIDEO DISPLAY TERMINAL,6.0,369.72,0.0,0.0,6.0
2018,COUNTERFEIT GOODS,CLOTHING,280.0,7884355.0,0.0,11533315.0,385353.0
2018,COUNTERFEIT GOODS,COMPUTER CHIPS,3.0,99501.0,0.0,100931.0,489.0
2018,COUNTERFEIT GOODS,COMPUTER/COMPUTER PARTS,14.0,116328.96,0.0,235920.35,317.0
2018,COUNTERFEIT GOODS,COUNTERFEIT MONETARY INSTRUMENTS,13.0,83.0,0.0,259.0,15378.0
2018,COUNTERFEIT GOODS,COUNTERFEIT PRESCRIPTION DRUGS,15.0,506396.96,0.0,855260.96,50624.0
2018,COUNTERFEIT GOODS,ELECTRONICS,100.0,1939942.48,0.0,5697208.77,23169.0
2018,COUNTERFEIT GOODS,FOOTWEAR,173.0,2438521.0,0.0,2874323.0,60123.0
2018,COUNTERFEIT GOODS,GOLF CLUBS AND CLUB PARTS,1.0,1812.0,0.0,1590.0,79.0
2018,COUNTERFEIT GOODS,IDENTIFICATION DOCUMENTS,78.0,87.0,0.0,1267.0,242.0
2018,COUNTERFEIT GOODS,JEWELRY,27.0,687536.0,0.0,10113107.0,4648.0
2018,COUNTERFEIT GOODS,LABELS/EMBLEMS,23.0,157124.0,0.0,283900.0,11418.0
2018,COUNTERFEIT GOODS,LUGGAGE,10.0,1316835.0,0.0,1567974.0,15100.0
2018,COUNTERFEIT GOODS,MOVIES MUSIC MEDIA,65.0,1155818.2,0.0,1877936.25,107983.0
2018,COUNTERFEIT GOODS,OTHER COUNTERFEIT GOODS,381.0,6565307.66,0.0,24620256.01,479255.0
2018,COUNTERFEIT GOODS,PURSE/WALLETS,89.0,3181501.0,0.0,5305335.0,7060.0
2018,COUNTERFEIT GOODS,TOYS,13.0,103453.0,0.0,548530.0,22101.0
2018,COUNTERFEIT GOODS,WATCHES,51.0,1517564.6,0.0,65555844.48,8375.0
2018,CURRENCY/MONETARY,BANK ACCOUNT,8.0,506999.17,0.0,0.0,0.0
2018,CURRENCY/MONETARY,CASH SUBSTITUTION,6.0,1346000.0,0.0,0.0,0.0
2018,CURRENCY/MONETARY,CHECKS,331.0,76592010.55,0.0,0.0,0.0
2018,CURRENCY/MONETARY,FOREIGN CASH (NON U.S.),47.0,705353.99,0.0,0.0,0.0
2018,CURRENCY/MONETARY,MONEY ORDER,17.0,91486.0,0.0,0.0,0.0
2018,CURRENCY/MONETARY,OTHER,12.0,424959428.75,0.0,0.0,0.0
2018,CURRENCY/MONETARY,PRE-PAID/STORED VALUE CARD,7.0,503.0,0.0,0.0,0.0
2018,CURRENCY/MONETARY,U.S. CASH OR CURRENCY,1037.0,54738451.19,0.0,0.0,0.0
2018,CURRENCY/MONETARY,VIRTUAL CURRENCY,2.0,16257850.42,0.0,0.0,0.0
2018,DRUGS,COCAINE,1027.0,0.0,88736.1333999999,0.0,0.0
2018,DRUGS,CRYSTAL METHAMPHETAMINES,165.0,0.0,2019.573,0.0,0.0
2018,DRUGS,DIHYDROCODEINONE (HYDROCODONE),13.0,0.0,1.0802,0.0,0.0
2018,DRUGS,ECSTASY,125.0,0.0,94.9894,0.0,0.0
2018,DRUGS,FENETHYLLINE-(CAPTAGON-AMPHETAMINE),2.0,0.0,0.0124,0.0,0.0
2018,DRUGS,FENTANYL,181.0,0.0,1297.24,0.0,0.0
2018,DRUGS,GAMMA HYDROXY BUTYRATE,10.0,0.0,85.9347,0.0,0.0
2018,DRUGS,"HASH,LIQUID (HASH OIL)",4.0,0.0,3.6482,0.0,0.0
2018,DRUGS,HASHISH,9.0,0.0,5.2321,0.0,0.0
2018,DRUGS,HEROIN,625.0,0.0,2337.459,0.0,0.0
2018,DRUGS,KETAMINE,17.0,0.0,119.5429,0.0,0.0
2018,DRUGS,KHAT (CATHA EDULIS),5.0,0.0,134.8005,0.0,0.0
2018,DRUGS,LSD,33.0,0.0,1.259,0.0,0.0
2018,DRUGS,MARIJUANA,1285.0,0.0,157935.3349,0.0,0.0
2018,DRUGS,MARIJUANA PLANTS,28.0,0.0,15162.1272,0.0,0.0
2018,DRUGS,MDPV-(METHYLENEDIOXYPYROVALERONE),1.0,0.0,0.0104,0.0,0.0
2018,DRUGS,MEPHEDRONE,1.0,0.0,0.0639,0.0,0.0
2018,DRUGS,METHAMPHETAMINE,976.0,0.0,23581.9734,0.0,0.0
2018,DRUGS,METHYLPHENIDATE (RITALIN),2.0,0.0,0.6418,0.0,0.0
2018,DRUGS,MORPHINE,5.0,0.0,6.7462,0.0,0.0
2018,DRUGS,N-BENZYLPIPERAZINE (BZP TABLETS),2.0,0.0,0.0035,0.0,0.0
2018,DRUGS,OPIUM,4.0,0.0,7.5462,0.0,0.0
2018,DRUGS,"OTHER DRUGS, PRESCRIPTIONS, CHEMICALS",362.0,0.0,1044.9371,0.0,0.0
2018,DRUGS,OXYCODONE (OXYCONTIN),51.0,0.0,47.1121,0.0,0.0
2018,DRUGS,PRECURSOR CHEMICALS EXCEPT EPHEDRINE,12.0,0.0,50.6752,0.0,0.0
2018,DRUGS,PSILOCYN OR PSILOCYBIN MUSHROOMS,19.0,0.0,51.4295,0.0,0.0
2018,DRUGS,STEROIDS,73.0,0.0,89.9144,0.0,0.0
2018,DRUGS,SYNTHETIC CANNABINOIDS - ALL TYPES,33.0,0.0,141.4882,0.0,0.0
2018,DRUGS,YABA,1.0,0.0,3.7295,0.0,0.0
2018,GENERAL MDSE / OTHER,ALCOHOLIC BEVERAGES,5.0,199.0,0.0,0.0,759.0
2018,GENERAL MDSE / OTHER,BORDER CROSSING CARD,8.0,2.0,0.0,0.0,8.0
2018,GENERAL MDSE / OTHER,CASH SUBSTITUTION,2.0,1500.0,0.0,0.0,26.0
2018,GENERAL MDSE / OTHER,CIGARETTES,10.0,24368.0,0.0,0.0,8631.0
2018,GENERAL MDSE / OTHER,CLOCKS AND WATCHES,32.0,459830.45,0.0,0.0,135.0
2018,GENERAL MDSE / OTHER,CLOTHING,49.0,3562.0,0.0,0.0,389.0
2018,GENERAL MDSE / OTHER,ELECTRONIC EQUIPMENT,397.0,35191.68,0.0,0.0,1178.0
2018,GENERAL MDSE / OTHER,EVIDENCE,1491.0,60735.0,0.0,250.0,14955.95
2018,GENERAL MDSE / OTHER,FISH OR FISH PRODUCTS,7.0,654688.0,0.0,150330.0,309327.0
2018,GENERAL MDSE / OTHER,FRUITS,3.0,18092.0,0.0,0.0,57091.0
2018,GENERAL MDSE / OTHER,GAME ANIMALS/BIRDS,1.0,0.0,0.0,0.0,24.25
2018,GENERAL MDSE / OTHER,"GOLD,DUST,NUGGETS",3.0,444771.0,0.0,0.0,27.5
2018,GENERAL MDSE / OTHER,HOUSEHOLD APPLIANCE,2.0,50.0,0.0,0.0,2.0
2018,GENERAL MDSE / OTHER,HOUSEHOLD FURNISHINGS,4.0,200.0,0.0,0.0,7.0
2018,GENERAL MDSE / OTHER,"HUMAN REMAINS (SKULLS, BONES, ETC)",1.0,3500.0,0.0,0.0,2.0
2018,GENERAL MDSE / OTHER,INDUSTRIAL MACHINERY,8.0,73727.0,0.0,0.0,24.0
2018,GENERAL MDSE / OTHER,JEWELRY,19.0,586511.1,0.0,0.0,3455.9
2018,GENERAL MDSE / OTHER,LUGGAGE,45.0,128.0,0.0,0.0,127.0
2018,GENERAL MDSE / OTHER,MINERAL PRODUCTS,4.0,92038.0,0.0,0.0,17246.0
2018,GENERAL MDSE / OTHER,MOBILE COMM DEVICES,2355.0,36164.72,0.0,0.0,4920.0
2018,GENERAL MDSE / OTHER,OFFICE EQUIPMENT,3.0,10.0,0.0,0.0,3.0
2018,GENERAL MDSE / OTHER,OTHER PROPERTY,428.0,3900096.12,0.0,5631.0,50264.72
2018,GENERAL MDSE / OTHER,OTHER TRAVEL DOCUMENT,14.0,4.0,0.0,0.0,26.0
2018,GENERAL MDSE / OTHER,OTHER WEAPON PARTS NOT SENT TO HARPERS FERRY,53.0,126682.0,0.0,0.0,1353.0
2018,GENERAL MDSE / OTHER,PAPER OR PAPER PRODUCTS,30.0,19.0,0.0,0.0,57.0
2018,GENERAL MDSE / OTHER,PASSPORTS,75.0,81.0,0.0,0.0,133.0
2018,GENERAL MDSE / OTHER,PERSONAL EFFECTS,518.0,13404.69,0.0,0.0,1777.0
2018,GENERAL MDSE / OTHER,PREPARED FOODSTUFFS,2.0,0.0,0.0,0.0,5.0
2018,GENERAL MDSE / OTHER,RESIDENT ALIEN CARD,5.0,50.0,0.0,0.0,5.0
2018,GENERAL MDSE / OTHER,"SILVER,BARS,NUGGETS",1.0,1050.0,0.0,0.0,66.0
2018,GENERAL MDSE / OTHER,TOYS,3.0,0.0,0.0,0.0,3.0
2018,GENERAL MDSE / OTHER,VEGETABLES,4.0,104018.0,0.0,0.0,3214.0
2018,GENERAL MDSE / OTHER,VIRTUAL CURRENCY,10.0,460241.0,0.0,0.0,797.76
2018,GENERAL MDSE / OTHER,WORKS OF ART,13.0,4077.0,0.0,0.0,4353.0
2018,PROHIBITED ITEMS,ALL OTHER EMBARGO ITEMS,3.0,0.0,0.0,0.0,9607.43
2018,PROHIBITED ITEMS,CIGARETTES,2.0,0.0,0.0,0.0,86.0
2018,PROHIBITED ITEMS,CONSUMER PRODUCT SAFETY COMMISSION,1.0,0.0,0.0,0.0,120.0
2018,PROHIBITED ITEMS,DRUG PARAPHERNALIA,50.0,0.0,0.0,0.0,1261.0
2018,PROHIBITED ITEMS,ELECTRONIC DEVICES,22.0,0.0,0.0,0.0,28.0
2018,PROHIBITED ITEMS,FISH & WILDLIFE,5.0,0.0,0.0,0.0,949.08
2018,PROHIBITED ITEMS,FOOD AND DRUG ADMINISTRATION,20.0,0.0,0.0,0.0,322453.0
2018,PROHIBITED ITEMS,LIVE INSECTS (AGR),2.0,0.0,0.0,0.0,44.0
2018,PROHIBITED ITEMS,PILL PRESS,1.0,0.0,0.0,0.0,6.0
2018,PROHIBITED ITEMS,PORNOGRAPHY/CHILD,3.0,0.0,0.0,0.0,16.0
2018,REAL ESTATE,CONDOMINUM (EA),1.0,350000.0,0.0,0.0,1.0
2018,REAL ESTATE,HOUSE - DETACHED (EA),16.0,14674109.0,0.0,0.0,16.0
2018,REAL ESTATE,LAND (AC),6.0,16455994.0,0.0,0.0,12.0
2018,REAL ESTATE,OFFICE BUILDING (EA)(AC),2.0,3716550.0,0.0,0.0,2.0
2018,REAL ESTATE,OTHER COMMERCIAL PROPERTY (EA) (AC),8.0,2069001.0,0.0,0.0,8.0
2018,REAL ESTATE,TOWNHOUSE  (EA),1.0,80000.0,0.0,0.0,1.0
2018,VEHICLES,BUS,3.0,225900.0,0.0,0.0,3.0
2018,VEHICLES,CONVERTIBLE,6.0,71425.0,0.0,0.0,6.0
2018,VEHICLES,COUPE (USE IF UNKNOWN WHETHER 2 DOOR SEDAN OR 2 DOOR HARD TOP),60.0,801103.0,0.0,0.0,60.0
2018,VEHICLES,HARD TOP (USE WHEN NUMBER OF DOORS IS UNKNOWN),1.0,8000.0,0.0,0.0,1.0
2018,VEHICLES,HATCHBACK/FASTBACK (HAS REAR DOOR AND NUMBER OF SIDE DOORS UNKNOWN),16.0,51055.0,0.0,0.0,16.0
2018,VEHICLES,HEAVY TRUCK,3.0,53475.0,0.0,0.0,3.0
2018,VEHICLES,LIGHT TRUCK,12.0,120118.0,0.0,0.0,12.0
2018,VEHICLES,MEDIUM TRUCK,1.0,3925.0,0.0,0.0,1.0
2018,VEHICLES,MOTORCYCLE,7.0,34709.0,0.0,0.0,15.0
2018,VEHICLES,MOTORIZED HOME,2.0,11801.0,0.0,0.0,2.0
2018,VEHICLES,OTHER TRUCK,3.0,47670.0,0.0,0.0,3.0
2018,VEHICLES,OTHER VEHICLE,21.0,615273.0,0.0,0.0,28.0
2018,VEHICLES,PICKUP,127.0,1179798.0,0.0,0.0,127.0
2018,VEHICLES,RECREATION,2.0,49350.0,0.0,0.0,2.0
2018,VEHICLES,ROADSTER,1.0,210000.0,0.0,0.0,1.0
2018,VEHICLES,SEDAN (USE IF A SEDAN AND NUMBER OF DOORS UNKNOWN - SEE 2D OR 4D),557.0,3023436.0,0.0,0.0,573.0
2018,VEHICLES,SPORT UTILITY VEHICLE,322.0,4737085.0,0.0,0.0,359.0
2018,VEHICLES,STATION WAGON,9.0,122950.0,0.0,0.0,9.0
2018,VEHICLES,TOURING CAR,1.0,10000.0,0.0,0.0,1.0
2018,VEHICLES,TRACTOR TRAILER,25.0,415107.0,0.0,0.0,26.0
2018,VEHICLES,"TRACTOR TRUCK, DIESEL",31.0,636641.0,0.0,0.0,31.0
2018,VEHICLES,"TRACTOR TRUCK, GASOLINE",8.0,123038.0,0.0,0.0,8.0
2018,VEHICLES,TRAILER,19.0,188801.0,0.0,0.0,20.0
2018,VEHICLES,TRUCK,69.0,496357.0,0.0,0.0,69.0
2018,VEHICLES,VAN,69.0,336718.0,0.0,0.0,71.0
2018,VESSELS,MOTORBOAT,3.0,84900.0,0.0,0.0,3.0
2018,VESSELS,OTHER VESSEL,1.0,20000.0,0.0,0.0,1.0
2018,VESSELS,RECREATION,7.0,363860.0,0.0,0.0,7.0
2018,VESSELS,SMALL FISHING (30FT OR LESS),4.0,40400.0,0.0,0.0,4.0
